id,pii_hash,age,education_num,hours_per_week,income_bracket,workclass,occupation,marital_status,capital_gain,capital_loss,resident,sex,race,native_region,narrative
APP-1000,ID#07e496d2f463,78,15,45,>50K,Without-pay,Machine-op,Married-civ-spouse,0,0,True,Male,Other,Domestic,Applicant reports annual income in the higher band (above the means-test threshold). Works about 45 hours per week. Employment is precarious or unpaid. Completed roughly 15 years of schooling. Reports no investment or capital income.
APP-1001,ID#f9bacc41d080,18,6,49,<=50K,Private,Exec-managerial,Never-married,0,0,True,Female,White,Domestic,Applicant reports annual income in the lower band (at or below the means-test threshold). Works about 49 hours per week. Completed roughly 6 years of schooling. Reports no investment or capital income.
APP-1002,ID#1069c23ea202,25,10,48,<=50K,Private,Service,Never-married,0,0,True,Female,Black,Domestic,Applicant reports annual income in the lower band (at or below the means-test threshold). Works about 48 hours per week. Completed roughly 10 years of schooling. Reports no investment or capital income.
APP-1003,ID#68d1f508e5c9,65,1,13,<=50K,Private,Craft-repair,Divorced,0,0,True,Female,White,Domestic,Applicant reports annual income in the lower band (at or below the means-test threshold). Works about 13 hours per week — well below full time. Completed roughly 1 years of schooling. Reports no investment or capital income.
APP-1004,ID#3f29ecb063cf,44,1,38,<=50K,Private,Exec-managerial,Never-married,0,0,True,Male,White,Domestic,Applicant reports annual income in the lower band (at or below the means-test threshold). Works about 38 hours per week. Completed roughly 1 years of schooling. Reports no investment or capital income.
APP-1005,ID#ac108f24bae0,42,11,34,>50K,Private,Exec-managerial,Married-civ-spouse,0,0,True,Female,Other,Domestic,Applicant reports annual income in the higher band (above the means-test threshold). Works about 34 hours per week — part time. Completed roughly 11 years of schooling. Reports no investment or capital income.
APP-1006,ID#ca954c8aa8c2,36,2,31,<=50K,Self-emp-inc,Craft-repair,Married-civ-spouse,0,0,True,Male,White,Domestic,"Applicant reports annual income in the lower band (at or below the means-test threshold). Works about 31 hours per week — part time. Self-employed, with variable earnings. Completed roughly 2 years of schooling. Reports no investment or capital income."
APP-1007,ID#79833578a408,72,16,58,<=50K,Self-emp-not-inc,Other,Never-married,0,0,True,Male,Amer-Indian-Eskimo,Domestic,"Applicant reports annual income in the lower band (at or below the means-test threshold). Works about 58 hours per week. Self-employed, with variable earnings. Completed roughly 16 years of schooling. Reports no investment or capital income."
APP-1008,ID#2dd656c856ff,56,12,52,>50K,Self-emp-inc,Other,Never-married,0,0,True,Male,White,Undisclosed,"Applicant reports annual income in the higher band (above the means-test threshold). Works about 52 hours per week. Self-employed, with variable earnings. Completed roughly 12 years of schooling. Reports no investment or capital income."
APP-1009,ID#0e9665948f5a,55,5,53,<=50K,Private,Craft-repair,Married-civ-spouse,0,0,True,Female,White,Domestic,Applicant reports annual income in the lower band (at or below the means-test threshold). Works about 53 hours per week. Completed roughly 5 years of schooling. Reports no investment or capital income.
APP-1010,ID#3d7e0a829a86,56,9,66,<=50K,Private,Other,Separated,0,0,True,Female,White,Domestic,Applicant reports annual income in the lower band (at or below the means-test threshold). Works about 66 hours per week. Completed roughly 9 years of schooling. Reports no investment or capital income.
APP-1011,ID#48272c64e811,72,15,23,>50K,Local-gov,Other,Never-married,0,0,True,Female,White,Domestic,Applicant reports annual income in the higher band (above the means-test threshold). Works about 23 hours per week — part time. Completed roughly 15 years of schooling. Reports no investment or capital income.
APP-1012,ID#59a63e75f323,64,3,17,<=50K,Local-gov,Service,Married-civ-spouse,18418,0,True,Male,White,International,Applicant reports annual income in the lower band (at or below the means-test threshold). Works about 17 hours per week — well below full time. Completed roughly 3 years of schooling.
APP-1013,ID#c8cc6c23d20b,18,5,37,<=50K,Private,Machine-op,Divorced,0,0,True,Female,White,Domestic,Applicant reports annual income in the lower band (at or below the means-test threshold). Works about 37 hours per week. Completed roughly 5 years of schooling. Reports no investment or capital income.
APP-1014,ID#f16f77235be5,86,6,30,<=50K,Private,?,Married-civ-spouse,10513,0,True,Male,Asian-Pac-Islander,Domestic,Applicant reports annual income in the lower band (at or below the means-test threshold). Works about 30 hours per week — part time. Completed roughly 6 years of schooling.
APP-1015,ID#3b704713450f,18,4,25,<=50K,Private,Service,Married-civ-spouse,0,0,True,Female,Asian-Pac-Islander,Domestic,Applicant reports annual income in the lower band (at or below the means-test threshold). Works about 25 hours per week — part time. Completed roughly 4 years of schooling. Reports no investment or capital income.
APP-1016,ID#274ba754bea0,45,10,21,<=50K,Private,Exec-managerial,Married-civ-spouse,0,0,True,Male,White,Domestic,Applicant reports annual income in the lower band (at or below the means-test threshold). Works about 21 hours per week — part time. Completed roughly 10 years of schooling. Reports no investment or capital income.
APP-1017,ID#e00e84b1188f,34,16,47,>50K,?,Sales,Divorced,0,0,True,Male,White,Domestic,Applicant reports annual income in the higher band (above the means-test threshold). Works about 47 hours per week. Employment is precarious or unpaid. Completed roughly 16 years of schooling. Reports no investment or capital income.
APP-1018,ID#b33ec32ae4b3,72,4,55,>50K,Local-gov,Exec-managerial,Never-married,0,0,True,Male,White,Domestic,Applicant reports annual income in the higher band (above the means-test threshold). Works about 55 hours per week. Completed roughly 4 years of schooling. Reports no investment or capital income.
APP-1019,ID#111e255e399d,65,1,42,<=50K,Private,Machine-op,Married-civ-spouse,0,0,True,Male,White,Domestic,Applicant reports annual income in the lower band (at or below the means-test threshold). Works about 42 hours per week. Completed roughly 1 years of schooling. Reports no investment or capital income.
APP-1020,ID#68e438afb6ce,45,3,58,<=50K,Self-emp-inc,?,Widowed,0,0,True,Female,White,Domestic,"Applicant reports annual income in the lower band (at or below the means-test threshold). Works about 58 hours per week. Self-employed, with variable earnings. Completed roughly 3 years of schooling. Reports no investment or capital income."
APP-1021,ID#5aab12521b52,64,1,41,<=50K,Without-pay,Sales,Never-married,0,0,True,Male,White,Domestic,Applicant reports annual income in the lower band (at or below the means-test threshold). Works about 41 hours per week. Employment is precarious or unpaid. Completed roughly 1 years of schooling. Reports no investment or capital income.
APP-1022,ID#20c11af7f68b,61,9,50,<=50K,Self-emp-inc,Craft-repair,Never-married,0,0,True,Male,White,Domestic,"Applicant reports annual income in the lower band (at or below the means-test threshold). Works about 50 hours per week. Self-employed, with variable earnings. Completed roughly 9 years of schooling. Reports no investment or capital income."
APP-1023,ID#9ae6ab5c162b,31,4,41,>50K,Private,Other,Married-civ-spouse,0,0,True,Female,Black,Domestic,Applicant reports annual income in the higher band (above the means-test threshold). Works about 41 hours per week. Completed roughly 4 years of schooling. Reports no investment or capital income.
APP-1024,ID#62488f0b5e1d,69,10,25,<=50K,Private,Craft-repair,Never-married,0,0,True,Female,White,Domestic,Applicant reports annual income in the lower band (at or below the means-test threshold). Works about 25 hours per week — part time. Completed roughly 10 years of schooling. Reports no investment or capital income.
APP-1025,ID#8c72dd1bac07,50,3,34,<=50K,Private,Sales,Married-civ-spouse,12842,0,True,Male,White,Domestic,Applicant reports annual income in the lower band (at or below the means-test threshold). Works about 34 hours per week — part time. Completed roughly 3 years of schooling.
APP-1026,ID#39be00ce7fbc,52,15,13,>50K,Never-worked,Machine-op,Married-civ-spouse,0,0,True,Male,White,Domestic,Applicant reports annual income in the higher band (above the means-test threshold). Works about 13 hours per week — well below full time. Employment is precarious or unpaid. Completed roughly 15 years of schooling. Reports no investment or capital income.
APP-1027,ID#41a3cd036d5b,41,3,10,<=50K,Never-worked,Service,Married-civ-spouse,0,0,True,Male,Asian-Pac-Islander,International,Applicant reports annual income in the lower band (at or below the means-test threshold). Works about 10 hours per week — well below full time. Employment is precarious or unpaid. Completed roughly 3 years of schooling. Reports no investment or capital income.
APP-1028,ID#fd837996cd5e,44,14,20,<=50K,Self-emp-not-inc,Exec-managerial,Never-married,0,0,True,Female,White,International,"Applicant reports annual income in the lower band (at or below the means-test threshold). Works about 20 hours per week — part time. Self-employed, with variable earnings. Completed roughly 14 years of schooling. Reports no investment or capital income."
APP-1029,ID#92dec4fc7947,61,4,29,<=50K,Private,?,Married-civ-spouse,0,0,True,Female,White,Domestic,Applicant reports annual income in the lower band (at or below the means-test threshold). Works about 29 hours per week — part time. Completed roughly 4 years of schooling. Reports no investment or capital income.
APP-1030,ID#3566ff890c63,35,10,43,<=50K,Private,Sales,Married-civ-spouse,0,0,True,Male,Black,Domestic,Applicant reports annual income in the lower band (at or below the means-test threshold). Works about 43 hours per week. Completed roughly 10 years of schooling. Reports no investment or capital income.
APP-1031,ID#8749a52f0db2,46,14,76,>50K,Private,Exec-managerial,Divorced,0,0,True,Male,White,Domestic,Applicant reports annual income in the higher band (above the means-test threshold). Works about 76 hours per week. Completed roughly 14 years of schooling. Reports no investment or capital income.
APP-1032,ID#6afb2c228253,26,9,31,>50K,Self-emp-not-inc,Other,Married-civ-spouse,18515,0,True,Male,White,Domestic,"Applicant reports annual income in the higher band (above the means-test threshold). Works about 31 hours per week — part time. Self-employed, with variable earnings. Completed roughly 9 years of schooling."
APP-1033,ID#05456e05957b,33,3,49,<=50K,Self-emp-inc,?,Divorced,13011,0,True,Male,White,Domestic,"Applicant reports annual income in the lower band (at or below the means-test threshold). Works about 49 hours per week. Self-employed, with variable earnings. Completed roughly 3 years of schooling."
APP-1034,ID#de7ad49ff313,89,14,44,>50K,Self-emp-not-inc,Sales,Never-married,0,0,True,Female,White,Domestic,"Applicant reports annual income in the higher band (above the means-test threshold). Works about 44 hours per week. Self-employed, with variable earnings. Completed roughly 14 years of schooling. Reports no investment or capital income."
APP-1035,ID#5e5817e32003,24,15,51,<=50K,Private,Machine-op,Married-civ-spouse,0,0,True,Male,White,Domestic,Applicant reports annual income in the lower band (at or below the means-test threshold). Works about 51 hours per week. Completed roughly 15 years of schooling. Reports no investment or capital income.
APP-1036,ID#ce072dcba047,50,5,50,<=50K,Private,Machine-op,Divorced,0,0,True,Male,White,Domestic,Applicant reports annual income in the lower band (at or below the means-test threshold). Works about 50 hours per week. Completed roughly 5 years of schooling. Reports no investment or capital income.
APP-1037,ID#1c9579b14e32,87,1,35,<=50K,Private,Craft-repair,Never-married,0,0,True,Female,White,Domestic,Applicant reports annual income in the lower band (at or below the means-test threshold). Works about 35 hours per week. Completed roughly 1 years of schooling. Reports no investment or capital income.
APP-1038,ID#cde23a03c706,83,15,7,<=50K,Private,Craft-repair,Married-civ-spouse,0,0,True,Male,White,Domestic,Applicant reports annual income in the lower band (at or below the means-test threshold). Works about 7 hours per week — well below full time. Completed roughly 15 years of schooling. Reports no investment or capital income.
APP-1039,ID#c2e48f2f02a3,87,7,18,<=50K,Private,Service,Married-civ-spouse,0,847,True,Male,Black,Undisclosed,Applicant reports annual income in the lower band (at or below the means-test threshold). Works about 18 hours per week — well below full time. Completed roughly 7 years of schooling. Reports no investment or capital income. Reports recent capital losses.
APP-1040,ID#1ea118a4f416,69,15,28,>50K,Self-emp-not-inc,Other,Never-married,14972,0,True,Male,White,Domestic,"Applicant reports annual income in the higher band (above the means-test threshold). Works about 28 hours per week — part time. Self-employed, with variable earnings. Completed roughly 15 years of schooling."
APP-1041,ID#b3c2ae19d66b,62,2,63,<=50K,Private,Machine-op,Never-married,0,1962,True,Female,White,Domestic,Applicant reports annual income in the lower band (at or below the means-test threshold). Works about 63 hours per week. Completed roughly 2 years of schooling. Reports no investment or capital income. Reports recent capital losses.
APP-1042,ID#c30edd2aa6f1,44,16,40,<=50K,Private,Other,Divorced,0,0,True,Male,White,Domestic,Applicant reports annual income in the lower band (at or below the means-test threshold). Works about 40 hours per week. Completed roughly 16 years of schooling. Reports no investment or capital income.
APP-1043,ID#30a12d937ace,79,15,35,>50K,Self-emp-not-inc,Machine-op,Married-civ-spouse,10653,0,True,Female,White,Domestic,"Applicant reports annual income in the higher band (above the means-test threshold). Works about 35 hours per week. Self-employed, with variable earnings. Completed roughly 15 years of schooling."
APP-1044,ID#1fbdf9872b69,32,9,59,<=50K,Private,Machine-op,Married-civ-spouse,0,0,True,Male,Asian-Pac-Islander,Domestic,Applicant reports annual income in the lower band (at or below the means-test threshold). Works about 59 hours per week. Completed roughly 9 years of schooling. Reports no investment or capital income.
APP-1045,ID#8f30abeaf5ae,22,11,23,>50K,Private,Exec-managerial,Never-married,0,0,True,Male,White,Undisclosed,Applicant reports annual income in the higher band (above the means-test threshold). Works about 23 hours per week — part time. Completed roughly 11 years of schooling. Reports no investment or capital income.
APP-1046,ID#e3d2bc2ac4f1,49,7,20,<=50K,Self-emp-inc,Craft-repair,Married-civ-spouse,0,0,True,Female,Amer-Indian-Eskimo,Domestic,"Applicant reports annual income in the lower band (at or below the means-test threshold). Works about 20 hours per week — part time. Self-employed, with variable earnings. Completed roughly 7 years of schooling. Reports no investment or capital income."
APP-1047,ID#e915cf73fd37,36,5,25,>50K,Private,Craft-repair,Married-civ-spouse,0,0,True,Male,White,International,Applicant reports annual income in the higher band (above the means-test threshold). Works about 25 hours per week — part time. Completed roughly 5 years of schooling. Reports no investment or capital income.
APP-1048,ID#c6634dd0e953,61,8,42,>50K,Private,Exec-managerial,Never-married,0,0,True,Female,Asian-Pac-Islander,Domestic,Applicant reports annual income in the higher band (above the means-test threshold). Works about 42 hours per week. Completed roughly 8 years of schooling. Reports no investment or capital income.
APP-1049,ID#898f7e7cc55b,62,13,56,>50K,Private,Exec-managerial,Never-married,0,0,True,Male,White,Domestic,Applicant reports annual income in the higher band (above the means-test threshold). Works about 56 hours per week. Completed roughly 13 years of schooling. Reports no investment or capital income.
APP-1050,ID#3ac57e21b352,23,8,33,<=50K,?,Other,Widowed,6477,0,True,Female,Asian-Pac-Islander,International,Applicant reports annual income in the lower band (at or below the means-test threshold). Works about 33 hours per week — part time. Employment is precarious or unpaid. Completed roughly 8 years of schooling.
APP-1051,ID#1fc240657133,52,2,32,<=50K,Private,Other,Married-civ-spouse,0,0,True,Female,White,Undisclosed,Applicant reports annual income in the lower band (at or below the means-test threshold). Works about 32 hours per week — part time. Completed roughly 2 years of schooling. Reports no investment or capital income.
APP-1052,ID#b30b2d7fbcb8,27,7,37,<=50K,Local-gov,Sales,Never-married,0,0,True,Female,White,Domestic,Applicant reports annual income in the lower band (at or below the means-test threshold). Works about 37 hours per week. Completed roughly 7 years of schooling. Reports no investment or capital income.
APP-1053,ID#fd9481737043,74,6,24,<=50K,Private,Other,Divorced,0,0,True,Male,White,Domestic,Applicant reports annual income in the lower band (at or below the means-test threshold). Works about 24 hours per week — part time. Completed roughly 6 years of schooling. Reports no investment or capital income.
APP-1054,ID#477ad8f87c5f,40,13,34,<=50K,Private,Craft-repair,Married-civ-spouse,0,0,True,Male,White,Domestic,Applicant reports annual income in the lower band (at or below the means-test threshold). Works about 34 hours per week — part time. Completed roughly 13 years of schooling. Reports no investment or capital income.
APP-1055,ID#715b5cd81bc1,39,14,28,<=50K,Private,Machine-op,Married-civ-spouse,0,0,True,Male,Asian-Pac-Islander,Domestic,Applicant reports annual income in the lower band (at or below the means-test threshold). Works about 28 hours per week — part time. Completed roughly 14 years of schooling. Reports no investment or capital income.
APP-1056,ID#e0fce5513ea7,70,10,20,<=50K,Self-emp-not-inc,Sales,Divorced,0,0,True,Female,Asian-Pac-Islander,Domestic,"Applicant reports annual income in the lower band (at or below the means-test threshold). Works about 20 hours per week — part time. Self-employed, with variable earnings. Completed roughly 10 years of schooling. Reports no investment or capital income."
APP-1057,ID#0b83426892ae,30,16,29,>50K,Self-emp-not-inc,Service,Married-civ-spouse,0,0,True,Male,White,Domestic,"Applicant reports annual income in the higher band (above the means-test threshold). Works about 29 hours per week — part time. Self-employed, with variable earnings. Completed roughly 16 years of schooling. Reports no investment or capital income."
APP-1058,ID#c842dcacf37a,44,14,50,<=50K,Private,Service,Never-married,0,0,True,Female,White,Domestic,Applicant reports annual income in the lower band (at or below the means-test threshold). Works about 50 hours per week. Completed roughly 14 years of schooling. Reports no investment or capital income.
APP-1059,ID#04a477a6b8c6,60,7,27,<=50K,?,Machine-op,Divorced,0,0,True,Male,White,Domestic,Applicant reports annual income in the lower band (at or below the means-test threshold). Works about 27 hours per week — part time. Employment is precarious or unpaid. Completed roughly 7 years of schooling. Reports no investment or capital income.
APP-1060,ID#de48763b215d,20,2,21,<=50K,Private,Other,Married-civ-spouse,0,0,True,Female,Amer-Indian-Eskimo,Domestic,Applicant reports annual income in the lower band (at or below the means-test threshold). Works about 21 hours per week — part time. Completed roughly 2 years of schooling. Reports no investment or capital income.
APP-1061,ID#0fea46bfde21,50,4,49,<=50K,State-gov,Machine-op,Married-civ-spouse,0,0,True,Female,White,International,Applicant reports annual income in the lower band (at or below the means-test threshold). Works about 49 hours per week. Completed roughly 4 years of schooling. Reports no investment or capital income.
APP-1062,ID#d97a38812d64,41,16,47,<=50K,?,?,Separated,0,0,True,Female,White,Domestic,Applicant reports annual income in the lower band (at or below the means-test threshold). Works about 47 hours per week. Employment is precarious or unpaid. Completed roughly 16 years of schooling. Reports no investment or capital income.
APP-1063,ID#2e6266b6d672,74,5,28,<=50K,Private,Machine-op,Never-married,0,0,True,Male,White,International,Applicant reports annual income in the lower band (at or below the means-test threshold). Works about 28 hours per week — part time. Completed roughly 5 years of schooling. Reports no investment or capital income.
APP-1064,ID#5b2ec37d3ec8,58,8,17,<=50K,Private,?,Never-married,0,0,True,Male,White,Domestic,Applicant reports annual income in the lower band (at or below the means-test threshold). Works about 17 hours per week — well below full time. Completed roughly 8 years of schooling. Reports no investment or capital income.
APP-1065,ID#bfa3b1fbb206,58,13,54,<=50K,Private,Craft-repair,Married-civ-spouse,0,1695,True,Male,White,Domestic,Applicant reports annual income in the lower band (at or below the means-test threshold). Works about 54 hours per week. Completed roughly 13 years of schooling. Reports no investment or capital income. Reports recent capital losses.
APP-1066,ID#f842f23e20b0,45,3,49,<=50K,?,Service,Married-civ-spouse,0,0,True,Female,White,Domestic,Applicant reports annual income in the lower band (at or below the means-test threshold). Works about 49 hours per week. Employment is precarious or unpaid. Completed roughly 3 years of schooling. Reports no investment or capital income.
APP-1067,ID#8f42e0711bb4,58,7,54,<=50K,Private,Exec-managerial,Married-civ-spouse,0,0,True,Male,White,Domestic,Applicant reports annual income in the lower band (at or below the means-test threshold). Works about 54 hours per week. Completed roughly 7 years of schooling. Reports no investment or capital income.
APP-1068,ID#0ff55aee97ae,76,6,22,<=50K,Private,Exec-managerial,Married-civ-spouse,10013,0,True,Male,Other,Domestic,Applicant reports annual income in the lower band (at or below the means-test threshold). Works about 22 hours per week — part time. Completed roughly 6 years of schooling.
APP-1069,ID#6b2b74865c77,73,16,22,<=50K,Never-worked,?,Never-married,0,0,True,Male,White,Undisclosed,Applicant reports annual income in the lower band (at or below the means-test threshold). Works about 22 hours per week — part time. Employment is precarious or unpaid. Completed roughly 16 years of schooling. Reports no investment or capital income.
APP-1070,ID#cf93fbe69a1c,28,11,42,<=50K,Private,Craft-repair,Never-married,0,0,True,Male,White,International,Applicant reports annual income in the lower band (at or below the means-test threshold). Works about 42 hours per week. Completed roughly 11 years of schooling. Reports no investment or capital income.
APP-1071,ID#614a9076863e,31,6,53,<=50K,Private,Other,Never-married,0,0,True,Female,White,Domestic,Applicant reports annual income in the lower band (at or below the means-test threshold). Works about 53 hours per week. Completed roughly 6 years of schooling. Reports no investment or capital income.
APP-1072,ID#3ccc7e40b3e2,87,15,40,<=50K,Private,Service,Married-civ-spouse,0,0,True,Female,White,International,Applicant reports annual income in the lower band (at or below the means-test threshold). Works about 40 hours per week. Completed roughly 15 years of schooling. Reports no investment or capital income.
APP-1073,ID#1208b08a659d,65,13,20,<=50K,State-gov,Other,Divorced,0,0,True,Female,White,Domestic,Applicant reports annual income in the lower band (at or below the means-test threshold). Works about 20 hours per week — part time. Completed roughly 13 years of schooling. Reports no investment or capital income.
APP-1074,ID#695b5429290f,82,13,60,>50K,Private,Service,Married-civ-spouse,0,0,True,Male,White,Domestic,Applicant reports annual income in the higher band (above the means-test threshold). Works about 60 hours per week. Completed roughly 13 years of schooling. Reports no investment or capital income.
APP-1075,ID#78ac59cdaf8c,54,4,38,>50K,Local-gov,Machine-op,Married-civ-spouse,0,0,True,Male,White,Domestic,Applicant reports annual income in the higher band (above the means-test threshold). Works about 38 hours per week. Completed roughly 4 years of schooling. Reports no investment or capital income.
APP-1076,ID#6233ae5617ad,45,4,33,<=50K,Private,Other,Separated,0,0,True,Female,Asian-Pac-Islander,Domestic,Applicant reports annual income in the lower band (at or below the means-test threshold). Works about 33 hours per week — part time. Completed roughly 4 years of schooling. Reports no investment or capital income.
APP-1077,ID#97a95b32d5c5,60,16,36,<=50K,Private,Other,Married-civ-spouse,0,0,True,Male,White,Domestic,Applicant reports annual income in the lower band (at or below the means-test threshold). Works about 36 hours per week. Completed roughly 16 years of schooling. Reports no investment or capital income.
APP-1078,ID#f4c9186f21de,66,4,34,>50K,Private,Machine-op,Married-civ-spouse,5273,0,True,Male,White,Domestic,Applicant reports annual income in the higher band (above the means-test threshold). Works about 34 hours per week — part time. Completed roughly 4 years of schooling.
APP-1079,ID#f70a93c35f08,85,5,64,<=50K,Private,Craft-repair,Separated,2940,0,True,Female,White,Undisclosed,Applicant reports annual income in the lower band (at or below the means-test threshold). Works about 64 hours per week. Completed roughly 5 years of schooling.
APP-1080,ID#aabc8a879e45,44,2,57,<=50K,Self-emp-not-inc,Other,Never-married,7566,0,True,Male,White,International,"Applicant reports annual income in the lower band (at or below the means-test threshold). Works about 57 hours per week. Self-employed, with variable earnings. Completed roughly 2 years of schooling."
APP-1081,ID#0768893e97dc,76,16,27,<=50K,Private,Service,Married-civ-spouse,0,0,True,Male,White,Domestic,Applicant reports annual income in the lower band (at or below the means-test threshold). Works about 27 hours per week — part time. Completed roughly 16 years of schooling. Reports no investment or capital income.
APP-1082,ID#240f4e24e670,32,6,52,<=50K,Private,Other,Married-civ-spouse,0,0,True,Female,Black,Undisclosed,Applicant reports annual income in the lower band (at or below the means-test threshold). Works about 52 hours per week. Completed roughly 6 years of schooling. Reports no investment or capital income.
APP-1083,ID#d7f3b50bfe0d,70,4,26,<=50K,Self-emp-inc,?,Separated,0,0,True,Male,White,Domestic,"Applicant reports annual income in the lower band (at or below the means-test threshold). Works about 26 hours per week — part time. Self-employed, with variable earnings. Completed roughly 4 years of schooling. Reports no investment or capital income."
APP-1084,ID#c8ffa045b6ee,17,8,65,<=50K,Self-emp-inc,?,Divorced,0,0,True,Female,Asian-Pac-Islander,Domestic,"Applicant reports annual income in the lower band (at or below the means-test threshold). Works about 65 hours per week. Self-employed, with variable earnings. Completed roughly 8 years of schooling. Reports no investment or capital income."
APP-1085,ID#94e0f6439bac,69,4,42,<=50K,Never-worked,Sales,Never-married,0,0,True,Female,White,Domestic,Applicant reports annual income in the lower band (at or below the means-test threshold). Works about 42 hours per week. Employment is precarious or unpaid. Completed roughly 4 years of schooling. Reports no investment or capital income.
APP-1086,ID#78e5b4daece8,81,5,24,<=50K,Self-emp-not-inc,Other,Married-civ-spouse,0,0,True,Female,White,International,"Applicant reports annual income in the lower band (at or below the means-test threshold). Works about 24 hours per week — part time. Self-employed, with variable earnings. Completed roughly 5 years of schooling. Reports no investment or capital income."
APP-1087,ID#66a51f155175,48,1,46,<=50K,?,Exec-managerial,Divorced,0,0,True,Male,Black,Domestic,Applicant reports annual income in the lower band (at or below the means-test threshold). Works about 46 hours per week. Employment is precarious or unpaid. Completed roughly 1 years of schooling. Reports no investment or capital income.
APP-1088,ID#3d9fa5876123,86,12,28,>50K,Private,?,Married-civ-spouse,0,0,True,Female,Amer-Indian-Eskimo,Domestic,Applicant reports annual income in the higher band (above the means-test threshold). Works about 28 hours per week — part time. Completed roughly 12 years of schooling. Reports no investment or capital income.
APP-1089,ID#f7faf97708ae,57,3,62,<=50K,State-gov,Craft-repair,Never-married,0,0,True,Female,Asian-Pac-Islander,Domestic,Applicant reports annual income in the lower band (at or below the means-test threshold). Works about 62 hours per week. Completed roughly 3 years of schooling. Reports no investment or capital income.
APP-1090,ID#236799e16f3b,78,8,51,<=50K,Private,?,Married-civ-spouse,0,0,True,Male,White,Domestic,Applicant reports annual income in the lower band (at or below the means-test threshold). Works about 51 hours per week. Completed roughly 8 years of schooling. Reports no investment or capital income.
APP-1091,ID#37dab7c18321,35,2,36,<=50K,Private,Other,Never-married,2501,0,True,Male,White,Domestic,Applicant reports annual income in the lower band (at or below the means-test threshold). Works about 36 hours per week. Completed roughly 2 years of schooling.
APP-1092,ID#de5920fe1932,89,2,48,<=50K,Self-emp-inc,Exec-managerial,Married-civ-spouse,0,0,True,Female,Asian-Pac-Islander,International,"Applicant reports annual income in the lower band (at or below the means-test threshold). Works about 48 hours per week. Self-employed, with variable earnings. Completed roughly 2 years of schooling. Reports no investment or capital income."
APP-1093,ID#e5d770532b03,32,1,48,>50K,Private,Craft-repair,Separated,0,0,True,Male,White,Domestic,Applicant reports annual income in the higher band (above the means-test threshold). Works about 48 hours per week. Completed roughly 1 years of schooling. Reports no investment or capital income.
APP-1094,ID#bff6b137e3b3,23,6,28,<=50K,Private,Exec-managerial,Never-married,0,0,True,Female,White,Domestic,Applicant reports annual income in the lower band (at or below the means-test threshold). Works about 28 hours per week — part time. Completed roughly 6 years of schooling. Reports no investment or capital income.
APP-1095,ID#043dc5bb20ba,75,7,32,<=50K,Local-gov,Machine-op,Divorced,0,0,True,Female,White,Domestic,Applicant reports annual income in the lower band (at or below the means-test threshold). Works about 32 hours per week — part time. Completed roughly 7 years of schooling. Reports no investment or capital income.
APP-1096,ID#2e6ddd50f58a,79,7,19,<=50K,?,Machine-op,Never-married,0,0,True,Male,White,Domestic,Applicant reports annual income in the lower band (at or below the means-test threshold). Works about 19 hours per week — well below full time. Employment is precarious or unpaid. Completed roughly 7 years of schooling. Reports no investment or capital income.
APP-1097,ID#2b0dd3e2b177,87,15,38,<=50K,Private,Service,Married-civ-spouse,0,0,True,Male,Black,Domestic,Applicant reports annual income in the lower band (at or below the means-test threshold). Works about 38 hours per week. Completed roughly 15 years of schooling. Reports no investment or capital income.
APP-1098,ID#eda14cc5c3bf,37,14,36,<=50K,?,?,Married-civ-spouse,0,0,True,Male,Amer-Indian-Eskimo,Domestic,Applicant reports annual income in the lower band (at or below the means-test threshold). Works about 36 hours per week. Employment is precarious or unpaid. Completed roughly 14 years of schooling. Reports no investment or capital income.
APP-1099,ID#a9cfc299ac84,74,9,39,<=50K,Private,Craft-repair,Never-married,0,0,True,Male,White,International,Applicant reports annual income in the lower band (at or below the means-test threshold). Works about 39 hours per week. Completed roughly 9 years of schooling. Reports no investment or capital income.
APP-1100,ID#5554d93b1d48,76,5,33,<=50K,Without-pay,Craft-repair,Married-civ-spouse,0,0,True,Male,White,Domestic,Applicant reports annual income in the lower band (at or below the means-test threshold). Works about 33 hours per week — part time. Employment is precarious or unpaid. Completed roughly 5 years of schooling. Reports no investment or capital income.
APP-1101,ID#ccdedc7d86ab,34,13,34,<=50K,?,Other,Never-married,0,0,True,Female,White,Domestic,Applicant reports annual income in the lower band (at or below the means-test threshold). Works about 34 hours per week — part time. Employment is precarious or unpaid. Completed roughly 13 years of schooling. Reports no investment or capital income.
APP-1102,ID#bd632c445c8d,63,15,46,<=50K,Private,Craft-repair,Never-married,9742,0,True,Male,White,International,Applicant reports annual income in the lower band (at or below the means-test threshold). Works about 46 hours per week. Completed roughly 15 years of schooling.
APP-1103,ID#a92334a83fcc,73,9,25,<=50K,Private,Machine-op,Divorced,7250,0,True,Female,Asian-Pac-Islander,Domestic,Applicant reports annual income in the lower band (at or below the means-test threshold). Works about 25 hours per week — part time. Completed roughly 9 years of schooling.
APP-1104,ID#5a23c68cc3f3,83,12,39,<=50K,?,Machine-op,Divorced,0,0,True,Male,White,International,Applicant reports annual income in the lower band (at or below the means-test threshold). Works about 39 hours per week. Employment is precarious or unpaid. Completed roughly 12 years of schooling. Reports no investment or capital income.
APP-1105,ID#7a5cbdcba13a,57,13,24,<=50K,Without-pay,Craft-repair,Never-married,0,0,True,Male,White,Domestic,Applicant reports annual income in the lower band (at or below the means-test threshold). Works about 24 hours per week — part time. Employment is precarious or unpaid. Completed roughly 13 years of schooling. Reports no investment or capital income.
APP-1106,ID#496fefac2e97,82,4,35,<=50K,Private,Other,Never-married,0,0,True,Male,White,Domestic,Applicant reports annual income in the lower band (at or below the means-test threshold). Works about 35 hours per week. Completed roughly 4 years of schooling. Reports no investment or capital income.
APP-1107,ID#49ab3d63af56,63,10,48,<=50K,Private,Craft-repair,Never-married,3705,0,True,Female,Other,Domestic,Applicant reports annual income in the lower band (at or below the means-test threshold). Works about 48 hours per week. Completed roughly 10 years of schooling.
APP-1108,ID#3615feb51787,84,9,26,<=50K,Private,Craft-repair,Married-civ-spouse,0,0,True,Female,White,International,Applicant reports annual income in the lower band (at or below the means-test threshold). Works about 26 hours per week — part time. Completed roughly 9 years of schooling. Reports no investment or capital income.
APP-1109,ID#fc51f2661649,41,13,44,<=50K,Private,Craft-repair,Married-civ-spouse,0,1315,True,Male,White,Domestic,Applicant reports annual income in the lower band (at or below the means-test threshold). Works about 44 hours per week. Completed roughly 13 years of schooling. Reports no investment or capital income. Reports recent capital losses.
APP-1110,ID#19f359c2a24d,58,14,50,<=50K,Private,?,Married-civ-spouse,0,1944,True,Male,Black,Domestic,Applicant reports annual income in the lower band (at or below the means-test threshold). Works about 50 hours per week. Completed roughly 14 years of schooling. Reports no investment or capital income. Reports recent capital losses.
APP-1111,ID#1361e05ebbb4,69,12,36,>50K,Private,Exec-managerial,Never-married,0,0,True,Male,White,International,Applicant reports annual income in the higher band (above the means-test threshold). Works about 36 hours per week. Completed roughly 12 years of schooling. Reports no investment or capital income.
APP-1112,ID#8dd74a58c0ae,87,3,57,<=50K,?,Other,Never-married,0,0,True,Female,Asian-Pac-Islander,Domestic,Applicant reports annual income in the lower band (at or below the means-test threshold). Works about 57 hours per week. Employment is precarious or unpaid. Completed roughly 3 years of schooling. Reports no investment or capital income.
APP-1113,ID#12723f0fdd16,69,6,34,<=50K,Private,Service,Married-civ-spouse,0,0,True,Male,White,Domestic,Applicant reports annual income in the lower band (at or below the means-test threshold). Works about 34 hours per week — part time. Completed roughly 6 years of schooling. Reports no investment or capital income.
APP-1114,ID#dfae72dadc52,81,9,64,<=50K,Private,Other,Married-civ-spouse,0,0,True,Female,White,Domestic,Applicant reports annual income in the lower band (at or below the means-test threshold). Works about 64 hours per week. Completed roughly 9 years of schooling. Reports no investment or capital income.
APP-1115,ID#1fbf25259129,82,2,47,<=50K,Private,Sales,Married-civ-spouse,0,634,True,Male,Black,Domestic,Applicant reports annual income in the lower band (at or below the means-test threshold). Works about 47 hours per week. Completed roughly 2 years of schooling. Reports no investment or capital income. Reports recent capital losses.
APP-1116,ID#f1283e5fe003,37,14,19,<=50K,Private,Other,Married-civ-spouse,14911,0,True,Male,White,International,Applicant reports annual income in the lower band (at or below the means-test threshold). Works about 19 hours per week — well below full time. Completed roughly 14 years of schooling.
APP-1117,ID#216fb5eadcab,22,11,25,<=50K,Private,Service,Married-civ-spouse,0,0,True,Male,White,Domestic,Applicant reports annual income in the lower band (at or below the means-test threshold). Works about 25 hours per week — part time. Completed roughly 11 years of schooling. Reports no investment or capital income.
APP-1118,ID#249f32560f2c,23,7,42,<=50K,Local-gov,Other,Married-civ-spouse,0,0,True,Male,Black,Domestic,Applicant reports annual income in the lower band (at or below the means-test threshold). Works about 42 hours per week. Completed roughly 7 years of schooling. Reports no investment or capital income.
APP-1119,ID#253b15149ccc,67,5,34,<=50K,?,Service,Never-married,4739,0,True,Male,White,Domestic,Applicant reports annual income in the lower band (at or below the means-test threshold). Works about 34 hours per week — part time. Employment is precarious or unpaid. Completed roughly 5 years of schooling.
APP-1120,ID#595c53b8dafb,79,5,45,<=50K,State-gov,Other,Married-civ-spouse,0,655,True,Male,Other,Domestic,Applicant reports annual income in the lower band (at or below the means-test threshold). Works about 45 hours per week. Completed roughly 5 years of schooling. Reports no investment or capital income. Reports recent capital losses.
APP-1121,ID#c90576e8fed7,59,14,29,<=50K,Private,?,Never-married,0,0,True,Male,White,International,Applicant reports annual income in the lower band (at or below the means-test threshold). Works about 29 hours per week — part time. Completed roughly 14 years of schooling. Reports no investment or capital income.
APP-1122,ID#541c13c4b456,60,8,14,<=50K,Private,Exec-managerial,Married-civ-spouse,0,0,True,Male,White,Domestic,Applicant reports annual income in the lower band (at or below the means-test threshold). Works about 14 hours per week — well below full time. Completed roughly 8 years of schooling. Reports no investment or capital income.
APP-1123,ID#49cfe2d75568,54,13,26,<=50K,Private,?,Married-civ-spouse,0,0,True,Male,White,Domestic,Applicant reports annual income in the lower band (at or below the means-test threshold). Works about 26 hours per week — part time. Completed roughly 13 years of schooling. Reports no investment or capital income.
APP-1124,ID#5071ae8aff1a,58,8,48,>50K,State-gov,Machine-op,Divorced,0,0,True,Female,White,Domestic,Applicant reports annual income in the higher band (above the means-test threshold). Works about 48 hours per week. Completed roughly 8 years of schooling. Reports no investment or capital income.
APP-1125,ID#f186f3caa312,66,10,42,<=50K,Private,Craft-repair,Married-civ-spouse,0,0,True,Female,Other,Domestic,Applicant reports annual income in the lower band (at or below the means-test threshold). Works about 42 hours per week. Completed roughly 10 years of schooling. Reports no investment or capital income.
APP-1126,ID#2615b0bdad37,30,11,42,<=50K,Private,Craft-repair,Never-married,0,0,True,Male,White,Undisclosed,Applicant reports annual income in the lower band (at or below the means-test threshold). Works about 42 hours per week. Completed roughly 11 years of schooling. Reports no investment or capital income.
APP-1127,ID#11aea09d3633,52,5,59,<=50K,Private,Sales,Never-married,10634,0,True,Female,White,Undisclosed,Applicant reports annual income in the lower band (at or below the means-test threshold). Works about 59 hours per week. Completed roughly 5 years of schooling.
APP-1128,ID#b7857db81b90,76,10,44,>50K,Private,Sales,Married-civ-spouse,0,0,True,Female,Amer-Indian-Eskimo,Domestic,Applicant reports annual income in the higher band (above the means-test threshold). Works about 44 hours per week. Completed roughly 10 years of schooling. Reports no investment or capital income.
APP-1129,ID#7de38e0eb815,81,12,34,<=50K,Without-pay,Other,Married-civ-spouse,0,0,True,Male,White,Domestic,Applicant reports annual income in the lower band (at or below the means-test threshold). Works about 34 hours per week — part time. Employment is precarious or unpaid. Completed roughly 12 years of schooling. Reports no investment or capital income.
APP-1130,ID#681d06635583,74,5,70,<=50K,Private,Machine-op,Married-civ-spouse,0,0,True,Male,White,Domestic,Applicant reports annual income in the lower band (at or below the means-test threshold). Works about 70 hours per week. Completed roughly 5 years of schooling. Reports no investment or capital income.
APP-1131,ID#148a1a866bbc,30,7,72,>50K,Self-emp-not-inc,Service,Never-married,0,0,True,Female,White,International,"Applicant reports annual income in the higher band (above the means-test threshold). Works about 72 hours per week. Self-employed, with variable earnings. Completed roughly 7 years of schooling. Reports no investment or capital income."
APP-1132,ID#f1fd106cfed2,45,1,41,>50K,Private,Sales,Married-civ-spouse,5122,0,True,Female,Other,Domestic,Applicant reports annual income in the higher band (above the means-test threshold). Works about 41 hours per week. Completed roughly 1 years of schooling.
APP-1133,ID#dc6342f09ebd,67,10,21,<=50K,Private,Machine-op,Married-civ-spouse,0,0,True,Male,White,Domestic,Applicant reports annual income in the lower band (at or below the means-test threshold). Works about 21 hours per week — part time. Completed roughly 10 years of schooling. Reports no investment or capital income.
APP-1134,ID#823cda9e4c30,53,16,30,<=50K,Private,Other,Divorced,0,0,True,Male,White,Domestic,Applicant reports annual income in the lower band (at or below the means-test threshold). Works about 30 hours per week — part time. Completed roughly 16 years of schooling. Reports no investment or capital income.
APP-1135,ID#7405e0791225,66,10,20,<=50K,Private,Sales,Married-civ-spouse,0,0,True,Male,White,Domestic,Applicant reports annual income in the lower band (at or below the means-test threshold). Works about 20 hours per week — part time. Completed roughly 10 years of schooling. Reports no investment or capital income.
APP-1136,ID#e65e5baf169d,38,1,39,<=50K,Private,Service,Married-civ-spouse,0,0,True,Male,White,Domestic,Applicant reports annual income in the lower band (at or below the means-test threshold). Works about 39 hours per week. Completed roughly 1 years of schooling. Reports no investment or capital income.
APP-1137,ID#93d42e6a2e75,55,3,66,<=50K,Local-gov,Craft-repair,Never-married,0,741,True,Male,White,Domestic,Applicant reports annual income in the lower band (at or below the means-test threshold). Works about 66 hours per week. Completed roughly 3 years of schooling. Reports no investment or capital income. Reports recent capital losses.
APP-1138,ID#57e9d830d420,48,15,44,>50K,Private,Exec-managerial,Married-civ-spouse,0,0,True,Male,White,International,Applicant reports annual income in the higher band (above the means-test threshold). Works about 44 hours per week. Completed roughly 15 years of schooling. Reports no investment or capital income.
APP-1139,ID#a7634b336260,78,11,50,<=50K,Private,Machine-op,Married-civ-spouse,0,0,True,Male,White,Domestic,Applicant reports annual income in the lower band (at or below the means-test threshold). Works about 50 hours per week. Completed roughly 11 years of schooling. Reports no investment or capital income.
APP-1140,ID#426ca004823e,29,12,40,>50K,Self-emp-not-inc,Sales,Married-civ-spouse,0,0,True,Female,White,Domestic,"Applicant reports annual income in the higher band (above the means-test threshold). Works about 40 hours per week. Self-employed, with variable earnings. Completed roughly 12 years of schooling. Reports no investment or capital income."
APP-1141,ID#89d3719b9189,68,3,42,<=50K,Self-emp-not-inc,Craft-repair,Never-married,0,0,True,Female,White,Undisclosed,"Applicant reports annual income in the lower band (at or below the means-test threshold). Works about 42 hours per week. Self-employed, with variable earnings. Completed roughly 3 years of schooling. Reports no investment or capital income."
APP-1142,ID#d9abc0260ad3,39,12,52,<=50K,Private,Sales,Never-married,0,0,True,Female,Black,International,Applicant reports annual income in the lower band (at or below the means-test threshold). Works about 52 hours per week. Completed roughly 12 years of schooling. Reports no investment or capital income.
APP-1143,ID#aa6fca292d83,21,7,4,<=50K,Private,?,Never-married,0,0,True,Female,White,Domestic,Applicant reports annual income in the lower band (at or below the means-test threshold). Works about 4 hours per week — well below full time. Completed roughly 7 years of schooling. Reports no investment or capital income.
APP-1144,ID#021c055c0a37,58,3,21,<=50K,Private,Other,Divorced,0,2608,True,Female,Black,Domestic,Applicant reports annual income in the lower band (at or below the means-test threshold). Works about 21 hours per week — part time. Completed roughly 3 years of schooling. Reports no investment or capital income. Reports recent capital losses.
APP-1145,ID#af84c4381cf0,53,1,29,<=50K,Local-gov,Craft-repair,Married-civ-spouse,0,0,True,Male,White,Domestic,Applicant reports annual income in the lower band (at or below the means-test threshold). Works about 29 hours per week — part time. Completed roughly 1 years of schooling. Reports no investment or capital income.
APP-1146,ID#fcbc4cc9f655,37,10,35,<=50K,Private,Sales,Never-married,0,0,True,Female,White,Domestic,Applicant reports annual income in the lower band (at or below the means-test threshold). Works about 35 hours per week. Completed roughly 10 years of schooling. Reports no investment or capital income.
APP-1147,ID#e778fcd2bc9e,86,6,46,<=50K,Self-emp-not-inc,Sales,Divorced,0,0,True,Female,White,Domestic,"Applicant reports annual income in the lower band (at or below the means-test threshold). Works about 46 hours per week. Self-employed, with variable earnings. Completed roughly 6 years of schooling. Reports no investment or capital income."
APP-1148,ID#53911fdc5e7c,64,14,23,>50K,Private,Service,Never-married,0,0,True,Male,Asian-Pac-Islander,Domestic,Applicant reports annual income in the higher band (above the means-test threshold). Works about 23 hours per week — part time. Completed roughly 14 years of schooling. Reports no investment or capital income.
APP-1149,ID#fcd20004ed98,36,16,23,<=50K,Private,Sales,Married-civ-spouse,0,0,True,Male,Black,Domestic,Applicant reports annual income in the lower band (at or below the means-test threshold). Works about 23 hours per week — part time. Completed roughly 16 years of schooling. Reports no investment or capital income.
APP-1150,ID#d0d196ab6e23,55,12,25,<=50K,Self-emp-not-inc,Service,Never-married,0,0,True,Male,White,Domestic,"Applicant reports annual income in the lower band (at or below the means-test threshold). Works about 25 hours per week — part time. Self-employed, with variable earnings. Completed roughly 12 years of schooling. Reports no investment or capital income."
APP-1151,ID#812abcc140f7,57,13,29,<=50K,Private,Sales,Married-civ-spouse,0,0,True,Female,White,Domestic,Applicant reports annual income in the lower band (at or below the means-test threshold). Works about 29 hours per week — part time. Completed roughly 13 years of schooling. Reports no investment or capital income.
APP-1152,ID#b1628f3b19ec,40,12,32,<=50K,Self-emp-not-inc,Craft-repair,Separated,0,0,True,Male,Amer-Indian-Eskimo,Domestic,"Applicant reports annual income in the lower band (at or below the means-test threshold). Works about 32 hours per week — part time. Self-employed, with variable earnings. Completed roughly 12 years of schooling. Reports no investment or capital income."
APP-1153,ID#36b4b614de9e,73,10,22,<=50K,Private,Craft-repair,Married-civ-spouse,0,0,True,Male,Black,Domestic,Applicant reports annual income in the lower band (at or below the means-test threshold). Works about 22 hours per week — part time. Completed roughly 10 years of schooling. Reports no investment or capital income.
APP-1154,ID#aa2747aa4c44,24,11,30,<=50K,Self-emp-not-inc,Service,Married-civ-spouse,0,0,True,Female,White,Domestic,"Applicant reports annual income in the lower band (at or below the means-test threshold). Works about 30 hours per week — part time. Self-employed, with variable earnings. Completed roughly 11 years of schooling. Reports no investment or capital income."
APP-1155,ID#141ee39798cf,64,15,28,>50K,Private,Service,Married-civ-spouse,0,0,True,Male,White,International,Applicant reports annual income in the higher band (above the means-test threshold). Works about 28 hours per week — part time. Completed roughly 15 years of schooling. Reports no investment or capital income.
APP-1156,ID#a0f7bb30edb3,21,5,25,<=50K,Private,Exec-managerial,Married-civ-spouse,0,0,True,Male,White,Domestic,Applicant reports annual income in the lower band (at or below the means-test threshold). Works about 25 hours per week — part time. Completed roughly 5 years of schooling. Reports no investment or capital income.
APP-1157,ID#98b0e56f65b4,66,13,16,<=50K,Private,Craft-repair,Never-married,0,0,True,Female,Black,Domestic,Applicant reports annual income in the lower band (at or below the means-test threshold). Works about 16 hours per week — well below full time. Completed roughly 13 years of schooling. Reports no investment or capital income.
APP-1158,ID#afe55fd5a813,66,8,47,<=50K,Private,Machine-op,Married-civ-spouse,16947,0,True,Male,Other,Domestic,Applicant reports annual income in the lower band (at or below the means-test threshold). Works about 47 hours per week. Completed roughly 8 years of schooling.
APP-1159,ID#bcabca8f3647,23,8,38,<=50K,Self-emp-inc,Sales,Married-civ-spouse,1162,0,True,Male,White,Domestic,"Applicant reports annual income in the lower band (at or below the means-test threshold). Works about 38 hours per week. Self-employed, with variable earnings. Completed roughly 8 years of schooling."
APP-1160,ID#0f0a3e054990,26,2,3,<=50K,Private,Service,Widowed,0,0,True,Male,White,Domestic,Applicant reports annual income in the lower band (at or below the means-test threshold). Works about 3 hours per week — well below full time. Completed roughly 2 years of schooling. Reports no investment or capital income.
APP-1161,ID#c3577fd833cf,43,11,15,<=50K,Self-emp-not-inc,Craft-repair,Never-married,0,0,True,Male,White,Domestic,"Applicant reports annual income in the lower band (at or below the means-test threshold). Works about 15 hours per week — well below full time. Self-employed, with variable earnings. Completed roughly 11 years of schooling. Reports no investment or capital income."
APP-1162,ID#d4eda6d5af55,58,4,53,>50K,Private,Exec-managerial,Married-civ-spouse,0,0,True,Male,White,Domestic,Applicant reports annual income in the higher band (above the means-test threshold). Works about 53 hours per week. Completed roughly 4 years of schooling. Reports no investment or capital income.
APP-1163,ID#5cc55034160a,35,10,60,<=50K,Private,Machine-op,Never-married,19809,0,True,Female,Asian-Pac-Islander,Domestic,Applicant reports annual income in the lower band (at or below the means-test threshold). Works about 60 hours per week. Completed roughly 10 years of schooling.
APP-1164,ID#43d47ead206a,57,12,37,<=50K,Private,Sales,Widowed,0,0,True,Female,Asian-Pac-Islander,International,Applicant reports annual income in the lower band (at or below the means-test threshold). Works about 37 hours per week. Completed roughly 12 years of schooling. Reports no investment or capital income.
APP-1165,ID#8f6d0590d174,57,4,32,<=50K,Private,Exec-managerial,Never-married,0,0,True,Male,Asian-Pac-Islander,Domestic,Applicant reports annual income in the lower band (at or below the means-test threshold). Works about 32 hours per week — part time. Completed roughly 4 years of schooling. Reports no investment or capital income.
APP-1166,ID#00b10179a1e3,36,14,37,<=50K,Private,Other,Never-married,0,0,True,Female,Asian-Pac-Islander,Undisclosed,Applicant reports annual income in the lower band (at or below the means-test threshold). Works about 37 hours per week. Completed roughly 14 years of schooling. Reports no investment or capital income.
APP-1167,ID#a5fbde18457e,65,7,51,<=50K,Private,Machine-op,Separated,0,0,True,Female,Other,Domestic,Applicant reports annual income in the lower band (at or below the means-test threshold). Works about 51 hours per week. Completed roughly 7 years of schooling. Reports no investment or capital income.
APP-1168,ID#9cc81950a982,45,10,31,>50K,Private,Other,Married-civ-spouse,0,0,True,Male,White,Domestic,Applicant reports annual income in the higher band (above the means-test threshold). Works about 31 hours per week — part time. Completed roughly 10 years of schooling. Reports no investment or capital income.
APP-1169,ID#0530230fa764,84,5,56,<=50K,Self-emp-not-inc,Machine-op,Married-civ-spouse,0,0,True,Male,Asian-Pac-Islander,International,"Applicant reports annual income in the lower band (at or below the means-test threshold). Works about 56 hours per week. Self-employed, with variable earnings. Completed roughly 5 years of schooling. Reports no investment or capital income."
APP-1170,ID#152762d19c4e,21,11,25,<=50K,Private,Machine-op,Never-married,19942,0,True,Male,White,Domestic,Applicant reports annual income in the lower band (at or below the means-test threshold). Works about 25 hours per week — part time. Completed roughly 11 years of schooling.
APP-1171,ID#2e9164617686,78,9,42,<=50K,State-gov,Sales,Divorced,0,0,True,Female,Other,Domestic,Applicant reports annual income in the lower band (at or below the means-test threshold). Works about 42 hours per week. Completed roughly 9 years of schooling. Reports no investment or capital income.
APP-1172,ID#d52d07aaa879,24,10,18,<=50K,Private,Craft-repair,Divorced,17211,0,True,Male,Black,Domestic,Applicant reports annual income in the lower band (at or below the means-test threshold). Works about 18 hours per week — well below full time. Completed roughly 10 years of schooling.
APP-1173,ID#2624db2cd2ff,22,13,48,>50K,Without-pay,Service,Never-married,0,0,True,Male,Black,International,Applicant reports annual income in the higher band (above the means-test threshold). Works about 48 hours per week. Employment is precarious or unpaid. Completed roughly 13 years of schooling. Reports no investment or capital income.
APP-1174,ID#e7442cdb5abd,34,6,34,<=50K,Private,?,Married-civ-spouse,0,0,True,Female,Black,Domestic,Applicant reports annual income in the lower band (at or below the means-test threshold). Works about 34 hours per week — part time. Completed roughly 6 years of schooling. Reports no investment or capital income.
APP-1175,ID#792ba8707fb1,24,4,35,<=50K,Private,Machine-op,Never-married,0,0,True,Female,White,Domestic,Applicant reports annual income in the lower band (at or below the means-test threshold). Works about 35 hours per week. Completed roughly 4 years of schooling. Reports no investment or capital income.
APP-1176,ID#99adbaafa4fb,39,11,52,>50K,Private,Service,Divorced,0,0,True,Male,Amer-Indian-Eskimo,Domestic,Applicant reports annual income in the higher band (above the means-test threshold). Works about 52 hours per week. Completed roughly 11 years of schooling. Reports no investment or capital income.
APP-1177,ID#57cc4f7ce74b,76,8,28,<=50K,Private,Service,Divorced,0,0,True,Male,White,Domestic,Applicant reports annual income in the lower band (at or below the means-test threshold). Works about 28 hours per week — part time. Completed roughly 8 years of schooling. Reports no investment or capital income.
APP-1178,ID#354a74b9e548,25,14,31,<=50K,Private,Other,Married-civ-spouse,9398,0,True,Male,White,Domestic,Applicant reports annual income in the lower band (at or below the means-test threshold). Works about 31 hours per week — part time. Completed roughly 14 years of schooling.
APP-1179,ID#fd0b47865cb1,68,10,37,<=50K,Private,Other,Married-civ-spouse,0,0,True,Female,Black,Domestic,Applicant reports annual income in the lower band (at or below the means-test threshold). Works about 37 hours per week. Completed roughly 10 years of schooling. Reports no investment or capital income.
APP-1180,ID#1bab499f5b6b,67,6,50,<=50K,Private,Exec-managerial,Divorced,0,0,True,Female,White,Domestic,Applicant reports annual income in the lower band (at or below the means-test threshold). Works about 50 hours per week. Completed roughly 6 years of schooling. Reports no investment or capital income.
APP-1181,ID#efc8ab55cc4d,21,2,34,<=50K,State-gov,Machine-op,Married-civ-spouse,0,0,True,Female,White,Domestic,Applicant reports annual income in the lower band (at or below the means-test threshold). Works about 34 hours per week — part time. Completed roughly 2 years of schooling. Reports no investment or capital income.
APP-1182,ID#3cea0d8795cc,43,2,41,<=50K,?,Machine-op,Never-married,0,0,True,Female,Other,International,Applicant reports annual income in the lower band (at or below the means-test threshold). Works about 41 hours per week. Employment is precarious or unpaid. Completed roughly 2 years of schooling. Reports no investment or capital income.
APP-1183,ID#ff9a3a5c0ef4,40,14,32,>50K,Private,?,Married-civ-spouse,0,0,True,Female,White,Domestic,Applicant reports annual income in the higher band (above the means-test threshold). Works about 32 hours per week — part time. Completed roughly 14 years of schooling. Reports no investment or capital income.
APP-1184,ID#0d69912cbbc2,24,4,19,<=50K,Self-emp-not-inc,Sales,Never-married,0,0,True,Female,White,Domestic,"Applicant reports annual income in the lower band (at or below the means-test threshold). Works about 19 hours per week — well below full time. Self-employed, with variable earnings. Completed roughly 4 years of schooling. Reports no investment or capital income."
APP-1185,ID#08259bed3f2a,85,13,12,<=50K,Private,Exec-managerial,Married-civ-spouse,0,1833,True,Male,White,Domestic,Applicant reports annual income in the lower band (at or below the means-test threshold). Works about 12 hours per week — well below full time. Completed roughly 13 years of schooling. Reports no investment or capital income. Reports recent capital losses.
APP-1186,ID#53ddaa1f8f8c,40,9,49,<=50K,Private,Exec-managerial,Separated,0,0,True,Male,White,Domestic,Applicant reports annual income in the lower band (at or below the means-test threshold). Works about 49 hours per week. Completed roughly 9 years of schooling. Reports no investment or capital income.
APP-1187,ID#d81a8addfbcf,77,7,37,<=50K,Private,Craft-repair,Married-civ-spouse,0,0,True,Female,White,Domestic,Applicant reports annual income in the lower band (at or below the means-test threshold). Works about 37 hours per week. Completed roughly 7 years of schooling. Reports no investment or capital income.
APP-1188,ID#60a8d5b6ae71,83,7,32,<=50K,Private,Exec-managerial,Married-civ-spouse,1608,0,True,Male,Asian-Pac-Islander,Undisclosed,Applicant reports annual income in the lower band (at or below the means-test threshold). Works about 32 hours per week — part time. Completed roughly 7 years of schooling.
APP-1189,ID#e2661ff27745,48,10,17,<=50K,Without-pay,Service,Never-married,0,0,True,Female,Amer-Indian-Eskimo,Domestic,Applicant reports annual income in the lower band (at or below the means-test threshold). Works about 17 hours per week — well below full time. Employment is precarious or unpaid. Completed roughly 10 years of schooling. Reports no investment or capital income.
APP-1190,ID#4090ccf0b59d,77,14,35,>50K,Self-emp-not-inc,Service,Married-civ-spouse,0,0,True,Male,Other,Domestic,"Applicant reports annual income in the higher band (above the means-test threshold). Works about 35 hours per week. Self-employed, with variable earnings. Completed roughly 14 years of schooling. Reports no investment or capital income."
APP-1191,ID#05d37a2a5fc1,51,4,30,<=50K,Private,Sales,Divorced,0,0,True,Female,White,Domestic,Applicant reports annual income in the lower band (at or below the means-test threshold). Works about 30 hours per week — part time. Completed roughly 4 years of schooling. Reports no investment or capital income.
APP-1192,ID#8a17c59f912b,62,5,69,<=50K,Never-worked,?,Never-married,0,0,True,Female,Asian-Pac-Islander,Domestic,Applicant reports annual income in the lower band (at or below the means-test threshold). Works about 69 hours per week. Employment is precarious or unpaid. Completed roughly 5 years of schooling. Reports no investment or capital income.
APP-1193,ID#13f21e82d981,44,14,33,>50K,Private,Sales,Married-civ-spouse,0,0,True,Female,White,Domestic,Applicant reports annual income in the higher band (above the means-test threshold). Works about 33 hours per week — part time. Completed roughly 14 years of schooling. Reports no investment or capital income.
APP-1194,ID#c07b0be9adfa,54,16,9,<=50K,Self-emp-not-inc,Craft-repair,Never-married,0,0,True,Female,White,Domestic,"Applicant reports annual income in the lower band (at or below the means-test threshold). Works about 9 hours per week — well below full time. Self-employed, with variable earnings. Completed roughly 16 years of schooling. Reports no investment or capital income."
APP-1195,ID#bb845837eff1,28,14,37,<=50K,Private,Service,Married-civ-spouse,10764,0,True,Male,White,Domestic,Applicant reports annual income in the lower band (at or below the means-test threshold). Works about 37 hours per week. Completed roughly 14 years of schooling.
APP-1196,ID#988a14031f53,35,5,34,<=50K,?,Exec-managerial,Never-married,0,0,True,Female,White,Undisclosed,Applicant reports annual income in the lower band (at or below the means-test threshold). Works about 34 hours per week — part time. Employment is precarious or unpaid. Completed roughly 5 years of schooling. Reports no investment or capital income.
APP-1197,ID#5d6a63f0db48,80,9,33,<=50K,Private,Craft-repair,Married-civ-spouse,0,0,True,Male,White,Domestic,Applicant reports annual income in the lower band (at or below the means-test threshold). Works about 33 hours per week — part time. Completed roughly 9 years of schooling. Reports no investment or capital income.
APP-1198,ID#fb1d7e67c5e3,66,10,28,<=50K,Self-emp-not-inc,Sales,Never-married,0,0,True,Male,White,International,"Applicant reports annual income in the lower band (at or below the means-test threshold). Works about 28 hours per week — part time. Self-employed, with variable earnings. Completed roughly 10 years of schooling. Reports no investment or capital income."
APP-1199,ID#57953214eb12,86,13,29,<=50K,Self-emp-not-inc,Exec-managerial,Never-married,0,0,True,Female,White,Domestic,"Applicant reports annual income in the lower band (at or below the means-test threshold). Works about 29 hours per week — part time. Self-employed, with variable earnings. Completed roughly 13 years of schooling. Reports no investment or capital income."
APP-1200,ID#fee632a004b1,64,14,44,<=50K,Private,Exec-managerial,Never-married,0,0,True,Male,Black,Domestic,Applicant reports annual income in the lower band (at or below the means-test threshold). Works about 44 hours per week. Completed roughly 14 years of schooling. Reports no investment or capital income.
APP-1201,ID#22732e263f9c,42,13,41,<=50K,Local-gov,Sales,Divorced,0,0,True,Male,Black,Domestic,Applicant reports annual income in the lower band (at or below the means-test threshold). Works about 41 hours per week. Completed roughly 13 years of schooling. Reports no investment or capital income.
APP-1202,ID#59d0ed629e72,56,6,23,<=50K,Local-gov,Exec-managerial,Married-civ-spouse,0,0,True,Female,White,Domestic,Applicant reports annual income in the lower band (at or below the means-test threshold). Works about 23 hours per week — part time. Completed roughly 6 years of schooling. Reports no investment or capital income.
APP-1203,ID#5e7fe2ad79e1,37,5,36,>50K,?,Other,Divorced,0,0,True,Male,White,Domestic,Applicant reports annual income in the higher band (above the means-test threshold). Works about 36 hours per week. Employment is precarious or unpaid. Completed roughly 5 years of schooling. Reports no investment or capital income.
APP-1204,ID#6d813f00f0dd,38,13,48,<=50K,Self-emp-not-inc,Craft-repair,Divorced,0,0,True,Female,White,Domestic,"Applicant reports annual income in the lower band (at or below the means-test threshold). Works about 48 hours per week. Self-employed, with variable earnings. Completed roughly 13 years of schooling. Reports no investment or capital income."
APP-1205,ID#2c69f0e3cd8c,57,10,40,<=50K,Private,Sales,Married-civ-spouse,0,0,True,Female,Other,Undisclosed,Applicant reports annual income in the lower band (at or below the means-test threshold). Works about 40 hours per week. Completed roughly 10 years of schooling. Reports no investment or capital income.
APP-1206,ID#33428302b4c5,65,11,35,<=50K,Local-gov,Service,Married-civ-spouse,0,0,True,Male,White,Domestic,Applicant reports annual income in the lower band (at or below the means-test threshold). Works about 35 hours per week. Completed roughly 11 years of schooling. Reports no investment or capital income.
APP-1207,ID#f5ec6650ecf5,33,13,25,<=50K,Private,Sales,Never-married,0,0,True,Female,White,Domestic,Applicant reports annual income in the lower band (at or below the means-test threshold). Works about 25 hours per week — part time. Completed roughly 13 years of schooling. Reports no investment or capital income.
APP-1208,ID#c21ae6d5b2a3,60,14,40,<=50K,Self-emp-not-inc,Other,Separated,3191,0,True,Female,Black,Domestic,"Applicant reports annual income in the lower band (at or below the means-test threshold). Works about 40 hours per week. Self-employed, with variable earnings. Completed roughly 14 years of schooling."
APP-1209,ID#314a8f3cd0c8,51,3,30,<=50K,Private,Machine-op,Married-civ-spouse,9790,0,True,Female,White,Domestic,Applicant reports annual income in the lower band (at or below the means-test threshold). Works about 30 hours per week — part time. Completed roughly 3 years of schooling.
APP-1210,ID#7527169edba1,42,4,23,<=50K,Private,Craft-repair,Never-married,0,0,True,Female,White,Domestic,Applicant reports annual income in the lower band (at or below the means-test threshold). Works about 23 hours per week — part time. Completed roughly 4 years of schooling. Reports no investment or capital income.
APP-1211,ID#25b0007355c8,43,6,39,<=50K,Local-gov,Craft-repair,Married-civ-spouse,0,0,True,Female,White,Domestic,Applicant reports annual income in the lower band (at or below the means-test threshold). Works about 39 hours per week. Completed roughly 6 years of schooling. Reports no investment or capital income.
APP-1212,ID#1d2144567f6b,22,13,61,<=50K,Private,Service,Divorced,0,0,True,Male,Black,Domestic,Applicant reports annual income in the lower band (at or below the means-test threshold). Works about 61 hours per week. Completed roughly 13 years of schooling. Reports no investment or capital income.
APP-1213,ID#1e8bb4d6fb07,42,9,29,<=50K,Private,Machine-op,Married-civ-spouse,0,0,True,Male,White,Domestic,Applicant reports annual income in the lower band (at or below the means-test threshold). Works about 29 hours per week — part time. Completed roughly 9 years of schooling. Reports no investment or capital income.
APP-1214,ID#068d0b4650b1,87,2,41,<=50K,Private,Craft-repair,Married-civ-spouse,0,0,True,Male,White,International,Applicant reports annual income in the lower band (at or below the means-test threshold). Works about 41 hours per week. Completed roughly 2 years of schooling. Reports no investment or capital income.
APP-1215,ID#c6bb697b148f,26,9,45,<=50K,Private,?,Married-civ-spouse,0,0,True,Male,Other,International,Applicant reports annual income in the lower band (at or below the means-test threshold). Works about 45 hours per week. Completed roughly 9 years of schooling. Reports no investment or capital income.
APP-1216,ID#c66eb027b55c,85,10,53,<=50K,Private,Craft-repair,Never-married,0,2420,True,Male,White,International,Applicant reports annual income in the lower band (at or below the means-test threshold). Works about 53 hours per week. Completed roughly 10 years of schooling. Reports no investment or capital income. Reports recent capital losses.
APP-1217,ID#3eb1f054a075,79,11,31,<=50K,Self-emp-not-inc,Sales,Never-married,0,0,True,Male,White,Domestic,"Applicant reports annual income in the lower band (at or below the means-test threshold). Works about 31 hours per week — part time. Self-employed, with variable earnings. Completed roughly 11 years of schooling. Reports no investment or capital income."
APP-1218,ID#8944999bd441,44,10,53,>50K,Private,Sales,Widowed,0,0,True,Male,Black,Domestic,Applicant reports annual income in the higher band (above the means-test threshold). Works about 53 hours per week. Completed roughly 10 years of schooling. Reports no investment or capital income.
APP-1219,ID#7ee93d4804cc,69,12,16,<=50K,Private,Machine-op,Never-married,4681,0,True,Female,White,International,Applicant reports annual income in the lower band (at or below the means-test threshold). Works about 16 hours per week — well below full time. Completed roughly 12 years of schooling.
APP-1220,ID#0b76c4c57a20,80,14,37,>50K,Private,Service,Married-civ-spouse,0,0,True,Male,White,International,Applicant reports annual income in the higher band (above the means-test threshold). Works about 37 hours per week. Completed roughly 14 years of schooling. Reports no investment or capital income.
APP-1221,ID#d2c13f885b94,81,9,31,<=50K,Private,?,Never-married,0,0,True,Male,Asian-Pac-Islander,Domestic,Applicant reports annual income in the lower band (at or below the means-test threshold). Works about 31 hours per week — part time. Completed roughly 9 years of schooling. Reports no investment or capital income.
APP-1222,ID#df74463420fb,33,11,39,<=50K,Private,Service,Married-civ-spouse,0,0,True,Male,White,Domestic,Applicant reports annual income in the lower band (at or below the means-test threshold). Works about 39 hours per week. Completed roughly 11 years of schooling. Reports no investment or capital income.
APP-1223,ID#71112a1ed410,28,10,43,<=50K,Private,Craft-repair,Never-married,17468,0,True,Female,Other,Domestic,Applicant reports annual income in the lower band (at or below the means-test threshold). Works about 43 hours per week. Completed roughly 10 years of schooling.
APP-1224,ID#d283ff038876,67,4,40,<=50K,Private,Sales,Never-married,0,0,True,Female,Other,Domestic,Applicant reports annual income in the lower band (at or below the means-test threshold). Works about 40 hours per week. Completed roughly 4 years of schooling. Reports no investment or capital income.
APP-1225,ID#5ab85ead5279,21,4,42,<=50K,?,Machine-op,Never-married,0,0,True,Male,White,Domestic,Applicant reports annual income in the lower band (at or below the means-test threshold). Works about 42 hours per week. Employment is precarious or unpaid. Completed roughly 4 years of schooling. Reports no investment or capital income.
APP-1226,ID#636e36adfad5,83,10,57,<=50K,Private,Exec-managerial,Divorced,0,0,True,Male,Black,Domestic,Applicant reports annual income in the lower band (at or below the means-test threshold). Works about 57 hours per week. Completed roughly 10 years of schooling. Reports no investment or capital income.
APP-1227,ID#3739f8c87114,39,15,44,<=50K,Private,?,Never-married,0,0,True,Female,Amer-Indian-Eskimo,Domestic,Applicant reports annual income in the lower band (at or below the means-test threshold). Works about 44 hours per week. Completed roughly 15 years of schooling. Reports no investment or capital income.
APP-1228,ID#8733b28e2731,21,14,36,>50K,Private,Craft-repair,Widowed,0,0,True,Female,White,Domestic,Applicant reports annual income in the higher band (above the means-test threshold). Works about 36 hours per week. Completed roughly 14 years of schooling. Reports no investment or capital income.
APP-1229,ID#48ccd6dc5e40,66,16,45,>50K,Private,Exec-managerial,Never-married,0,0,True,Female,White,Domestic,Applicant reports annual income in the higher band (above the means-test threshold). Works about 45 hours per week. Completed roughly 16 years of schooling. Reports no investment or capital income.
APP-1230,ID#ec53216e92c6,22,3,11,<=50K,Private,Machine-op,Never-married,0,0,True,Female,Black,Domestic,Applicant reports annual income in the lower band (at or below the means-test threshold). Works about 11 hours per week — well below full time. Completed roughly 3 years of schooling. Reports no investment or capital income.
APP-1231,ID#35274b49a9ac,84,13,53,>50K,Private,Machine-op,Married-civ-spouse,0,0,True,Female,Asian-Pac-Islander,Domestic,Applicant reports annual income in the higher band (above the means-test threshold). Works about 53 hours per week. Completed roughly 13 years of schooling. Reports no investment or capital income.
APP-1232,ID#ae04e7dcc474,63,13,21,<=50K,Without-pay,Exec-managerial,Married-civ-spouse,0,0,True,Male,White,Domestic,Applicant reports annual income in the lower band (at or below the means-test threshold). Works about 21 hours per week — part time. Employment is precarious or unpaid. Completed roughly 13 years of schooling. Reports no investment or capital income.
APP-1233,ID#eaf9bf84c472,68,8,45,<=50K,Private,?,Married-civ-spouse,0,0,True,Male,White,Domestic,Applicant reports annual income in the lower band (at or below the means-test threshold). Works about 45 hours per week. Completed roughly 8 years of schooling. Reports no investment or capital income.
APP-1234,ID#610247b3ecf8,68,8,50,<=50K,Private,Machine-op,Divorced,0,0,True,Male,White,Domestic,Applicant reports annual income in the lower band (at or below the means-test threshold). Works about 50 hours per week. Completed roughly 8 years of schooling. Reports no investment or capital income.
APP-1235,ID#f76a608e5212,46,3,41,<=50K,Never-worked,Exec-managerial,Never-married,0,0,True,Female,White,Domestic,Applicant reports annual income in the lower band (at or below the means-test threshold). Works about 41 hours per week. Employment is precarious or unpaid. Completed roughly 3 years of schooling. Reports no investment or capital income.
APP-1236,ID#bb8775551027,46,15,31,>50K,Self-emp-not-inc,Machine-op,Never-married,0,0,True,Male,Amer-Indian-Eskimo,Domestic,"Applicant reports annual income in the higher band (above the means-test threshold). Works about 31 hours per week — part time. Self-employed, with variable earnings. Completed roughly 15 years of schooling. Reports no investment or capital income."
APP-1237,ID#434412c68719,66,1,29,<=50K,Private,?,Married-civ-spouse,0,0,True,Male,White,Domestic,Applicant reports annual income in the lower band (at or below the means-test threshold). Works about 29 hours per week — part time. Completed roughly 1 years of schooling. Reports no investment or capital income.
APP-1238,ID#62e18a53120f,83,10,33,<=50K,?,Sales,Never-married,0,0,True,Female,White,Domestic,Applicant reports annual income in the lower band (at or below the means-test threshold). Works about 33 hours per week — part time. Employment is precarious or unpaid. Completed roughly 10 years of schooling. Reports no investment or capital income.
APP-1239,ID#931438995845,47,3,34,<=50K,Private,?,Married-civ-spouse,0,0,True,Female,Black,International,Applicant reports annual income in the lower band (at or below the means-test threshold). Works about 34 hours per week — part time. Completed roughly 3 years of schooling. Reports no investment or capital income.
APP-1240,ID#9e6bfd92f77f,87,1,35,<=50K,Private,Exec-managerial,Never-married,0,0,True,Male,Asian-Pac-Islander,Domestic,Applicant reports annual income in the lower band (at or below the means-test threshold). Works about 35 hours per week. Completed roughly 1 years of schooling. Reports no investment or capital income.
APP-1241,ID#b5b87085f75f,28,9,31,<=50K,Private,Other,Divorced,0,0,True,Male,Asian-Pac-Islander,Domestic,Applicant reports annual income in the lower band (at or below the means-test threshold). Works about 31 hours per week — part time. Completed roughly 9 years of schooling. Reports no investment or capital income.
APP-1242,ID#4ff194546121,49,9,47,<=50K,Private,Machine-op,Married-civ-spouse,17331,0,True,Female,White,Domestic,Applicant reports annual income in the lower band (at or below the means-test threshold). Works about 47 hours per week. Completed roughly 9 years of schooling.
APP-1243,ID#19311d2430b6,58,8,51,<=50K,Private,?,Separated,0,0,True,Male,Asian-Pac-Islander,Domestic,Applicant reports annual income in the lower band (at or below the means-test threshold). Works about 51 hours per week. Completed roughly 8 years of schooling. Reports no investment or capital income.
APP-1244,ID#76397cc3ca40,24,13,37,<=50K,Self-emp-not-inc,Machine-op,Divorced,0,2188,True,Male,White,Domestic,"Applicant reports annual income in the lower band (at or below the means-test threshold). Works about 37 hours per week. Self-employed, with variable earnings. Completed roughly 13 years of schooling. Reports no investment or capital income. Reports recent capital losses."
APP-1245,ID#6c30e2e0785d,38,16,52,>50K,Self-emp-inc,Service,Never-married,0,0,True,Female,Amer-Indian-Eskimo,Domestic,"Applicant reports annual income in the higher band (above the means-test threshold). Works about 52 hours per week. Self-employed, with variable earnings. Completed roughly 16 years of schooling. Reports no investment or capital income."
APP-1246,ID#02c4e347107e,18,14,54,>50K,Self-emp-not-inc,Other,Married-civ-spouse,0,0,True,Female,Black,Domestic,"Applicant reports annual income in the higher band (above the means-test threshold). Works about 54 hours per week. Self-employed, with variable earnings. Completed roughly 14 years of schooling. Reports no investment or capital income."
APP-1247,ID#e53d333979bb,37,7,33,<=50K,Private,Service,Never-married,19453,0,True,Male,Black,Domestic,Applicant reports annual income in the lower band (at or below the means-test threshold). Works about 33 hours per week — part time. Completed roughly 7 years of schooling.
APP-1248,ID#4deb6262cf18,73,3,56,<=50K,Private,Machine-op,Married-civ-spouse,16296,0,True,Male,White,Domestic,Applicant reports annual income in the lower band (at or below the means-test threshold). Works about 56 hours per week. Completed roughly 3 years of schooling.
APP-1249,ID#8cec61a7b139,46,10,9,<=50K,?,Other,Married-civ-spouse,9005,0,True,Female,White,Domestic,Applicant reports annual income in the lower band (at or below the means-test threshold). Works about 9 hours per week — well below full time. Employment is precarious or unpaid. Completed roughly 10 years of schooling.
APP-1250,ID#68c08f2cac43,44,2,53,<=50K,Local-gov,Craft-repair,Married-civ-spouse,0,0,True,Male,White,Domestic,Applicant reports annual income in the lower band (at or below the means-test threshold). Works about 53 hours per week. Completed roughly 2 years of schooling. Reports no investment or capital income.
APP-1251,ID#40306c3eb9a3,39,7,60,<=50K,Private,Service,Married-civ-spouse,0,0,True,Female,White,Domestic,Applicant reports annual income in the lower band (at or below the means-test threshold). Works about 60 hours per week. Completed roughly 7 years of schooling. Reports no investment or capital income.
APP-1252,ID#a8785c4df791,19,5,1,<=50K,Local-gov,Machine-op,Never-married,0,0,True,Female,White,International,Applicant reports annual income in the lower band (at or below the means-test threshold). Works about 1 hours per week — well below full time. Completed roughly 5 years of schooling. Reports no investment or capital income.
APP-1253,ID#a6dbc33f4924,72,10,50,>50K,Private,Other,Divorced,3056,0,True,Female,White,Domestic,Applicant reports annual income in the higher band (above the means-test threshold). Works about 50 hours per week. Completed roughly 10 years of schooling.
APP-1254,ID#7fba99a0e33d,79,3,18,<=50K,Self-emp-not-inc,Craft-repair,Married-civ-spouse,19032,0,True,Male,White,Domestic,"Applicant reports annual income in the lower band (at or below the means-test threshold). Works about 18 hours per week — well below full time. Self-employed, with variable earnings. Completed roughly 3 years of schooling."
APP-1255,ID#b3b5e97bef75,31,2,64,<=50K,?,Machine-op,Married-civ-spouse,0,0,True,Female,White,Domestic,Applicant reports annual income in the lower band (at or below the means-test threshold). Works about 64 hours per week. Employment is precarious or unpaid. Completed roughly 2 years of schooling. Reports no investment or capital income.
APP-1256,ID#86c265051acc,42,14,32,>50K,Private,Service,Divorced,0,0,True,Male,White,Domestic,Applicant reports annual income in the higher band (above the means-test threshold). Works about 32 hours per week — part time. Completed roughly 14 years of schooling. Reports no investment or capital income.
APP-1257,ID#db2613125f35,75,5,14,<=50K,Private,Exec-managerial,Never-married,0,0,True,Male,Black,Undisclosed,Applicant reports annual income in the lower band (at or below the means-test threshold). Works about 14 hours per week — well below full time. Completed roughly 5 years of schooling. Reports no investment or capital income.
APP-1258,ID#8bb75a8326e8,84,14,80,>50K,Local-gov,Exec-managerial,Never-married,0,0,True,Male,Asian-Pac-Islander,Domestic,Applicant reports annual income in the higher band (above the means-test threshold). Works about 80 hours per week. Completed roughly 14 years of schooling. Reports no investment or capital income.
APP-1259,ID#b62893e40043,56,3,27,<=50K,Private,Craft-repair,Divorced,9336,0,True,Male,White,Domestic,Applicant reports annual income in the lower band (at or below the means-test threshold). Works about 27 hours per week — part time. Completed roughly 3 years of schooling.
APP-1260,ID#d5bca3f7d33e,87,5,29,<=50K,Self-emp-not-inc,Service,Never-married,0,0,True,Female,White,Domestic,"Applicant reports annual income in the lower band (at or below the means-test threshold). Works about 29 hours per week — part time. Self-employed, with variable earnings. Completed roughly 5 years of schooling. Reports no investment or capital income."
APP-1261,ID#2a9b7d82f54a,53,6,26,<=50K,Private,Sales,Married-civ-spouse,0,0,True,Female,Amer-Indian-Eskimo,Domestic,Applicant reports annual income in the lower band (at or below the means-test threshold). Works about 26 hours per week — part time. Completed roughly 6 years of schooling. Reports no investment or capital income.
APP-1262,ID#d1fe5dda0d67,57,6,48,<=50K,Private,Service,Married-civ-spouse,4109,0,True,Male,White,Domestic,Applicant reports annual income in the lower band (at or below the means-test threshold). Works about 48 hours per week. Completed roughly 6 years of schooling.
APP-1263,ID#a64b0d556cbe,58,14,29,<=50K,Private,Sales,Married-civ-spouse,0,0,True,Female,White,International,Applicant reports annual income in the lower band (at or below the means-test threshold). Works about 29 hours per week — part time. Completed roughly 14 years of schooling. Reports no investment or capital income.
APP-1264,ID#f747ed9237eb,26,10,54,<=50K,Private,Machine-op,Married-civ-spouse,7800,0,True,Female,White,Domestic,Applicant reports annual income in the lower band (at or below the means-test threshold). Works about 54 hours per week. Completed roughly 10 years of schooling.
APP-1265,ID#9acce0b0b96a,61,15,35,>50K,Self-emp-inc,?,Married-civ-spouse,0,0,True,Male,White,Domestic,"Applicant reports annual income in the higher band (above the means-test threshold). Works about 35 hours per week. Self-employed, with variable earnings. Completed roughly 15 years of schooling. Reports no investment or capital income."
APP-1266,ID#41cdc31e65b4,83,5,44,>50K,Private,Machine-op,Divorced,0,0,True,Male,White,International,Applicant reports annual income in the higher band (above the means-test threshold). Works about 44 hours per week. Completed roughly 5 years of schooling. Reports no investment or capital income.
APP-1267,ID#7191d0e1a038,30,1,22,<=50K,Private,Sales,Married-civ-spouse,0,0,True,Female,White,Domestic,Applicant reports annual income in the lower band (at or below the means-test threshold). Works about 22 hours per week — part time. Completed roughly 1 years of schooling. Reports no investment or capital income.
APP-1268,ID#0d21fb31a5fd,69,6,58,>50K,Private,?,Married-civ-spouse,0,0,True,Male,White,Domestic,Applicant reports annual income in the higher band (above the means-test threshold). Works about 58 hours per week. Completed roughly 6 years of schooling. Reports no investment or capital income.
APP-1269,ID#0180eb59eadb,72,3,40,<=50K,Self-emp-not-inc,Craft-repair,Never-married,0,0,True,Male,Asian-Pac-Islander,International,"Applicant reports annual income in the lower band (at or below the means-test threshold). Works about 40 hours per week. Self-employed, with variable earnings. Completed roughly 3 years of schooling. Reports no investment or capital income."
APP-1270,ID#eef0139af026,33,5,24,<=50K,Private,Craft-repair,Married-civ-spouse,0,0,True,Male,Black,Domestic,Applicant reports annual income in the lower band (at or below the means-test threshold). Works about 24 hours per week — part time. Completed roughly 5 years of schooling. Reports no investment or capital income.
APP-1271,ID#bd96be18a11a,51,2,21,<=50K,Private,Sales,Never-married,0,0,True,Female,White,International,Applicant reports annual income in the lower band (at or below the means-test threshold). Works about 21 hours per week — part time. Completed roughly 2 years of schooling. Reports no investment or capital income.
APP-1272,ID#30fdfdc46364,68,15,19,<=50K,Local-gov,Exec-managerial,Separated,0,0,True,Male,Amer-Indian-Eskimo,Domestic,Applicant reports annual income in the lower band (at or below the means-test threshold). Works about 19 hours per week — well below full time. Completed roughly 15 years of schooling. Reports no investment or capital income.
APP-1273,ID#3b905b493d15,79,13,70,<=50K,Self-emp-not-inc,Service,Separated,0,0,True,Male,Black,Domestic,"Applicant reports annual income in the lower band (at or below the means-test threshold). Works about 70 hours per week. Self-employed, with variable earnings. Completed roughly 13 years of schooling. Reports no investment or capital income."
APP-1274,ID#20a55aff4fba,53,4,48,<=50K,Private,Service,Never-married,0,0,True,Female,White,Domestic,Applicant reports annual income in the lower band (at or below the means-test threshold). Works about 48 hours per week. Completed roughly 4 years of schooling. Reports no investment or capital income.
APP-1275,ID#645170840008,51,7,47,<=50K,Private,Service,Never-married,0,0,True,Female,White,Domestic,Applicant reports annual income in the lower band (at or below the means-test threshold). Works about 47 hours per week. Completed roughly 7 years of schooling. Reports no investment or capital income.
APP-1276,ID#361afa467e09,48,5,30,<=50K,?,Other,Married-civ-spouse,0,0,True,Female,White,Domestic,Applicant reports annual income in the lower band (at or below the means-test threshold). Works about 30 hours per week — part time. Employment is precarious or unpaid. Completed roughly 5 years of schooling. Reports no investment or capital income.
APP-1277,ID#7c9422d13abe,85,13,44,>50K,Self-emp-not-inc,Machine-op,Divorced,2610,0,True,Male,White,Domestic,"Applicant reports annual income in the higher band (above the means-test threshold). Works about 44 hours per week. Self-employed, with variable earnings. Completed roughly 13 years of schooling."
APP-1278,ID#82f802fb655b,77,10,33,<=50K,Private,Other,Widowed,7408,0,True,Male,Asian-Pac-Islander,Domestic,Applicant reports annual income in the lower band (at or below the means-test threshold). Works about 33 hours per week — part time. Completed roughly 10 years of schooling.
APP-1279,ID#1cea89bfa7c6,23,13,33,<=50K,Private,Sales,Divorced,0,0,True,Female,White,Domestic,Applicant reports annual income in the lower band (at or below the means-test threshold). Works about 33 hours per week — part time. Completed roughly 13 years of schooling. Reports no investment or capital income.
APP-1280,ID#ec5158b70f79,61,2,34,<=50K,Private,Sales,Separated,0,0,True,Female,Asian-Pac-Islander,International,Applicant reports annual income in the lower band (at or below the means-test threshold). Works about 34 hours per week — part time. Completed roughly 2 years of schooling. Reports no investment or capital income.
APP-1281,ID#e801b828e4f6,73,16,40,<=50K,Private,Sales,Married-civ-spouse,0,737,True,Male,White,International,Applicant reports annual income in the lower band (at or below the means-test threshold). Works about 40 hours per week. Completed roughly 16 years of schooling. Reports no investment or capital income. Reports recent capital losses.
APP-1282,ID#461280f80f19,60,16,62,>50K,Private,Craft-repair,Never-married,0,0,True,Female,White,Domestic,Applicant reports annual income in the higher band (above the means-test threshold). Works about 62 hours per week. Completed roughly 16 years of schooling. Reports no investment or capital income.
APP-1283,ID#ddd2034b48c8,84,4,33,<=50K,Self-emp-inc,Craft-repair,Married-civ-spouse,0,0,True,Female,White,Domestic,"Applicant reports annual income in the lower band (at or below the means-test threshold). Works about 33 hours per week — part time. Self-employed, with variable earnings. Completed roughly 4 years of schooling. Reports no investment or capital income."
APP-1284,ID#4bd60da88b94,25,14,41,>50K,Local-gov,Service,Divorced,18967,0,True,Female,Asian-Pac-Islander,Domestic,Applicant reports annual income in the higher band (above the means-test threshold). Works about 41 hours per week. Completed roughly 14 years of schooling.
APP-1285,ID#f93e4f927b97,86,16,26,>50K,Self-emp-not-inc,Machine-op,Married-civ-spouse,0,0,True,Female,White,Domestic,"Applicant reports annual income in the higher band (above the means-test threshold). Works about 26 hours per week — part time. Self-employed, with variable earnings. Completed roughly 16 years of schooling. Reports no investment or capital income."
APP-1286,ID#10c93373f969,27,10,45,<=50K,Private,Sales,Never-married,0,0,True,Female,Other,International,Applicant reports annual income in the lower band (at or below the means-test threshold). Works about 45 hours per week. Completed roughly 10 years of schooling. Reports no investment or capital income.
APP-1287,ID#5dd13773ac89,65,8,37,<=50K,State-gov,Sales,Never-married,0,0,True,Female,White,Domestic,Applicant reports annual income in the lower band (at or below the means-test threshold). Works about 37 hours per week. Completed roughly 8 years of schooling. Reports no investment or capital income.
APP-1288,ID#c2a789dff98e,30,2,40,<=50K,Private,Craft-repair,Separated,0,0,True,Female,White,Domestic,Applicant reports annual income in the lower band (at or below the means-test threshold). Works about 40 hours per week. Completed roughly 2 years of schooling. Reports no investment or capital income.
APP-1289,ID#047e961b7de4,66,10,29,<=50K,Private,Machine-op,Divorced,0,0,True,Male,White,Undisclosed,Applicant reports annual income in the lower band (at or below the means-test threshold). Works about 29 hours per week — part time. Completed roughly 10 years of schooling. Reports no investment or capital income.
APP-1290,ID#15c694c7e490,83,8,28,>50K,Local-gov,Service,Married-civ-spouse,0,0,True,Female,Asian-Pac-Islander,Domestic,Applicant reports annual income in the higher band (above the means-test threshold). Works about 28 hours per week — part time. Completed roughly 8 years of schooling. Reports no investment or capital income.
APP-1291,ID#ec135493b3dd,50,2,28,<=50K,Self-emp-not-inc,Exec-managerial,Never-married,0,0,True,Male,Black,Domestic,"Applicant reports annual income in the lower band (at or below the means-test threshold). Works about 28 hours per week — part time. Self-employed, with variable earnings. Completed roughly 2 years of schooling. Reports no investment or capital income."
APP-1292,ID#c75218162d29,66,14,1,<=50K,Self-emp-not-inc,Machine-op,Married-civ-spouse,0,0,True,Male,White,Domestic,"Applicant reports annual income in the lower band (at or below the means-test threshold). Works about 1 hours per week — well below full time. Self-employed, with variable earnings. Completed roughly 14 years of schooling. Reports no investment or capital income."
APP-1293,ID#a6c7a119239b,34,13,42,>50K,Private,Craft-repair,Never-married,0,0,True,Female,Black,Domestic,Applicant reports annual income in the higher band (above the means-test threshold). Works about 42 hours per week. Completed roughly 13 years of schooling. Reports no investment or capital income.
APP-1294,ID#998479451381,46,9,29,<=50K,Private,Service,Never-married,0,0,True,Male,White,Domestic,Applicant reports annual income in the lower band (at or below the means-test threshold). Works about 29 hours per week — part time. Completed roughly 9 years of schooling. Reports no investment or capital income.
APP-1295,ID#770b97a7d414,54,3,36,<=50K,Without-pay,?,Divorced,0,0,True,Female,White,Domestic,Applicant reports annual income in the lower band (at or below the means-test threshold). Works about 36 hours per week. Employment is precarious or unpaid. Completed roughly 3 years of schooling. Reports no investment or capital income.
APP-1296,ID#034f39576e4c,80,15,41,<=50K,Local-gov,Service,Widowed,0,0,True,Male,Amer-Indian-Eskimo,International,Applicant reports annual income in the lower band (at or below the means-test threshold). Works about 41 hours per week. Completed roughly 15 years of schooling. Reports no investment or capital income.
APP-1297,ID#b32a1fe06228,54,10,38,<=50K,Private,Service,Never-married,0,0,True,Male,White,Domestic,Applicant reports annual income in the lower band (at or below the means-test threshold). Works about 38 hours per week. Completed roughly 10 years of schooling. Reports no investment or capital income.
APP-1298,ID#32e7cf69b8c2,23,7,33,<=50K,Self-emp-not-inc,Service,Divorced,0,0,True,Female,White,Domestic,"Applicant reports annual income in the lower band (at or below the means-test threshold). Works about 33 hours per week — part time. Self-employed, with variable earnings. Completed roughly 7 years of schooling. Reports no investment or capital income."
APP-1299,ID#f4f8601f239a,38,5,47,<=50K,Private,Sales,Never-married,0,0,True,Female,White,Undisclosed,Applicant reports annual income in the lower band (at or below the means-test threshold). Works about 47 hours per week. Completed roughly 5 years of schooling. Reports no investment or capital income.
APP-1300,ID#1205c4624103,67,16,71,>50K,Private,Craft-repair,Married-civ-spouse,0,0,True,Male,White,Domestic,Applicant reports annual income in the higher band (above the means-test threshold). Works about 71 hours per week. Completed roughly 16 years of schooling. Reports no investment or capital income.
APP-1301,ID#926c936ff945,58,7,40,<=50K,Private,Machine-op,Married-civ-spouse,0,0,True,Female,Asian-Pac-Islander,Domestic,Applicant reports annual income in the lower band (at or below the means-test threshold). Works about 40 hours per week. Completed roughly 7 years of schooling. Reports no investment or capital income.
APP-1302,ID#43cea7876b7d,36,14,36,<=50K,Private,Craft-repair,Married-civ-spouse,0,0,True,Male,White,Domestic,Applicant reports annual income in the lower band (at or below the means-test threshold). Works about 36 hours per week. Completed roughly 14 years of schooling. Reports no investment or capital income.
APP-1303,ID#6a325b108f8e,18,2,37,<=50K,Private,Exec-managerial,Divorced,0,0,True,Female,Asian-Pac-Islander,Domestic,Applicant reports annual income in the lower band (at or below the means-test threshold). Works about 37 hours per week. Completed roughly 2 years of schooling. Reports no investment or capital income.
APP-1304,ID#e93426361211,36,9,42,<=50K,Private,Service,Never-married,0,0,True,Female,White,Domestic,Applicant reports annual income in the lower band (at or below the means-test threshold). Works about 42 hours per week. Completed roughly 9 years of schooling. Reports no investment or capital income.
APP-1305,ID#dbfea47b6705,55,2,46,<=50K,Never-worked,?,Married-civ-spouse,0,0,True,Female,White,Domestic,Applicant reports annual income in the lower band (at or below the means-test threshold). Works about 46 hours per week. Employment is precarious or unpaid. Completed roughly 2 years of schooling. Reports no investment or capital income.
APP-1306,ID#17db071033ae,37,7,67,>50K,Private,Craft-repair,Married-civ-spouse,0,0,True,Male,White,Domestic,Applicant reports annual income in the higher band (above the means-test threshold). Works about 67 hours per week. Completed roughly 7 years of schooling. Reports no investment or capital income.
APP-1307,ID#bf2728f64726,19,2,34,>50K,Private,Other,Never-married,5766,0,True,Female,White,Domestic,Applicant reports annual income in the higher band (above the means-test threshold). Works about 34 hours per week — part time. Completed roughly 2 years of schooling.
APP-1308,ID#638f26cf2812,68,3,47,<=50K,Self-emp-not-inc,Machine-op,Married-civ-spouse,0,0,True,Male,White,Domestic,"Applicant reports annual income in the lower band (at or below the means-test threshold). Works about 47 hours per week. Self-employed, with variable earnings. Completed roughly 3 years of schooling. Reports no investment or capital income."
APP-1309,ID#8120ef4a8cc8,26,14,54,>50K,State-gov,Exec-managerial,Never-married,0,0,True,Male,White,Domestic,Applicant reports annual income in the higher band (above the means-test threshold). Works about 54 hours per week. Completed roughly 14 years of schooling. Reports no investment or capital income.
APP-1310,ID#36f1e87f177c,28,7,61,<=50K,Private,?,Married-civ-spouse,0,0,True,Male,White,Domestic,Applicant reports annual income in the lower band (at or below the means-test threshold). Works about 61 hours per week. Completed roughly 7 years of schooling. Reports no investment or capital income.
APP-1311,ID#4b693945a701,37,4,37,<=50K,Self-emp-not-inc,Service,Divorced,0,0,True,Male,Black,Domestic,"Applicant reports annual income in the lower band (at or below the means-test threshold). Works about 37 hours per week. Self-employed, with variable earnings. Completed roughly 4 years of schooling. Reports no investment or capital income."
APP-1312,ID#f3d243257667,61,8,42,<=50K,Self-emp-not-inc,Other,Divorced,0,0,True,Male,White,Undisclosed,"Applicant reports annual income in the lower band (at or below the means-test threshold). Works about 42 hours per week. Self-employed, with variable earnings. Completed roughly 8 years of schooling. Reports no investment or capital income."
APP-1313,ID#4e5c1c6e3e54,79,12,19,>50K,Private,Service,Never-married,0,0,True,Male,Amer-Indian-Eskimo,Domestic,Applicant reports annual income in the higher band (above the means-test threshold). Works about 19 hours per week — well below full time. Completed roughly 12 years of schooling. Reports no investment or capital income.
APP-1314,ID#c545cb1d681a,86,4,25,<=50K,Private,?,Married-civ-spouse,0,0,True,Male,White,Domestic,Applicant reports annual income in the lower band (at or below the means-test threshold). Works about 25 hours per week — part time. Completed roughly 4 years of schooling. Reports no investment or capital income.
APP-1315,ID#a22777e5cdc9,80,9,26,<=50K,Private,Exec-managerial,Never-married,0,0,True,Male,Asian-Pac-Islander,Domestic,Applicant reports annual income in the lower band (at or below the means-test threshold). Works about 26 hours per week — part time. Completed roughly 9 years of schooling. Reports no investment or capital income.
APP-1316,ID#c8f112a40dbd,78,16,39,<=50K,Self-emp-inc,Service,Married-civ-spouse,0,0,True,Male,Black,Domestic,"Applicant reports annual income in the lower band (at or below the means-test threshold). Works about 39 hours per week. Self-employed, with variable earnings. Completed roughly 16 years of schooling. Reports no investment or capital income."
APP-1317,ID#9a13fdea63bc,25,6,43,<=50K,Private,Sales,Widowed,16275,0,True,Female,White,Domestic,Applicant reports annual income in the lower band (at or below the means-test threshold). Works about 43 hours per week. Completed roughly 6 years of schooling.
APP-1318,ID#c4cbd0419a70,53,6,17,<=50K,Local-gov,?,Married-civ-spouse,0,0,True,Female,White,Domestic,Applicant reports annual income in the lower band (at or below the means-test threshold). Works about 17 hours per week — well below full time. Completed roughly 6 years of schooling. Reports no investment or capital income.
APP-1319,ID#68aa158fa78d,80,13,33,<=50K,Self-emp-not-inc,Craft-repair,Married-civ-spouse,0,0,True,Male,Other,Domestic,"Applicant reports annual income in the lower band (at or below the means-test threshold). Works about 33 hours per week — part time. Self-employed, with variable earnings. Completed roughly 13 years of schooling. Reports no investment or capital income."
APP-1320,ID#a89d19c904c5,78,12,41,<=50K,Private,Machine-op,Married-civ-spouse,0,0,True,Male,Asian-Pac-Islander,Domestic,Applicant reports annual income in the lower band (at or below the means-test threshold). Works about 41 hours per week. Completed roughly 12 years of schooling. Reports no investment or capital income.
APP-1321,ID#05ac61d2dcd7,58,11,43,<=50K,State-gov,Craft-repair,Never-married,0,0,True,Male,White,Domestic,Applicant reports annual income in the lower band (at or below the means-test threshold). Works about 43 hours per week. Completed roughly 11 years of schooling. Reports no investment or capital income.
APP-1322,ID#9f4cbdc6400e,60,13,47,<=50K,Private,Service,Married-civ-spouse,0,0,True,Female,Other,Domestic,Applicant reports annual income in the lower band (at or below the means-test threshold). Works about 47 hours per week. Completed roughly 13 years of schooling. Reports no investment or capital income.
APP-1323,ID#467c5076a253,88,13,45,<=50K,Private,Service,Married-civ-spouse,0,0,True,Female,White,Undisclosed,Applicant reports annual income in the lower band (at or below the means-test threshold). Works about 45 hours per week. Completed roughly 13 years of schooling. Reports no investment or capital income.
APP-1324,ID#5712c965b459,23,3,33,>50K,Never-worked,Exec-managerial,Married-civ-spouse,7819,0,True,Male,Black,Domestic,Applicant reports annual income in the higher band (above the means-test threshold). Works about 33 hours per week — part time. Employment is precarious or unpaid. Completed roughly 3 years of schooling.
APP-1325,ID#fe0e8bd10625,73,16,51,<=50K,Private,Other,Married-civ-spouse,0,0,True,Male,White,Domestic,Applicant reports annual income in the lower band (at or below the means-test threshold). Works about 51 hours per week. Completed roughly 16 years of schooling. Reports no investment or capital income.
APP-1326,ID#7a22cc841790,47,14,30,>50K,Private,Sales,Divorced,7047,0,True,Male,White,Domestic,Applicant reports annual income in the higher band (above the means-test threshold). Works about 30 hours per week — part time. Completed roughly 14 years of schooling.
APP-1327,ID#ce90c0835182,86,9,40,<=50K,Self-emp-not-inc,Sales,Married-civ-spouse,11998,0,True,Male,White,Domestic,"Applicant reports annual income in the lower band (at or below the means-test threshold). Works about 40 hours per week. Self-employed, with variable earnings. Completed roughly 9 years of schooling."
APP-1328,ID#ad9c05113bea,58,1,36,<=50K,Private,Craft-repair,Never-married,0,0,True,Female,White,Domestic,Applicant reports annual income in the lower band (at or below the means-test threshold). Works about 36 hours per week. Completed roughly 1 years of schooling. Reports no investment or capital income.
APP-1329,ID#3018128173a0,23,9,55,<=50K,Private,Other,Divorced,0,0,True,Male,Asian-Pac-Islander,Domestic,Applicant reports annual income in the lower band (at or below the means-test threshold). Works about 55 hours per week. Completed roughly 9 years of schooling. Reports no investment or capital income.
APP-1330,ID#b03492fc352c,43,7,54,<=50K,Private,Exec-managerial,Married-civ-spouse,0,0,True,Female,White,Domestic,Applicant reports annual income in the lower band (at or below the means-test threshold). Works about 54 hours per week. Completed roughly 7 years of schooling. Reports no investment or capital income.
APP-1331,ID#cf7f97e7db77,18,10,40,<=50K,Self-emp-not-inc,?,Married-civ-spouse,0,927,True,Female,Black,Domestic,"Applicant reports annual income in the lower band (at or below the means-test threshold). Works about 40 hours per week. Self-employed, with variable earnings. Completed roughly 10 years of schooling. Reports no investment or capital income. Reports recent capital losses."
APP-1332,ID#2397b7b10c8d,79,5,46,>50K,Private,Sales,Never-married,0,0,True,Male,Asian-Pac-Islander,Domestic,Applicant reports annual income in the higher band (above the means-test threshold). Works about 46 hours per week. Completed roughly 5 years of schooling. Reports no investment or capital income.
APP-1333,ID#2063f95cd943,26,13,53,>50K,Never-worked,?,Never-married,3055,0,True,Female,White,Domestic,Applicant reports annual income in the higher band (above the means-test threshold). Works about 53 hours per week. Employment is precarious or unpaid. Completed roughly 13 years of schooling.
APP-1334,ID#8e7f726f8c86,61,10,28,<=50K,Local-gov,?,Never-married,0,0,True,Female,Black,Domestic,Applicant reports annual income in the lower band (at or below the means-test threshold). Works about 28 hours per week — part time. Completed roughly 10 years of schooling. Reports no investment or capital income.
APP-1335,ID#f059188da778,86,14,36,<=50K,Private,?,Never-married,0,0,True,Female,Asian-Pac-Islander,Domestic,Applicant reports annual income in the lower band (at or below the means-test threshold). Works about 36 hours per week. Completed roughly 14 years of schooling. Reports no investment or capital income.
APP-1336,ID#671aeef727ec,54,3,42,<=50K,State-gov,Craft-repair,Married-civ-spouse,0,0,True,Female,White,International,Applicant reports annual income in the lower band (at or below the means-test threshold). Works about 42 hours per week. Completed roughly 3 years of schooling. Reports no investment or capital income.
APP-1337,ID#23f3960e96cd,18,15,19,>50K,?,Exec-managerial,Divorced,0,0,True,Male,Asian-Pac-Islander,Domestic,Applicant reports annual income in the higher band (above the means-test threshold). Works about 19 hours per week — well below full time. Employment is precarious or unpaid. Completed roughly 15 years of schooling. Reports no investment or capital income.
APP-1338,ID#4a7d8c5a3e2b,42,14,39,<=50K,Private,Service,Never-married,0,0,True,Female,White,International,Applicant reports annual income in the lower band (at or below the means-test threshold). Works about 39 hours per week. Completed roughly 14 years of schooling. Reports no investment or capital income.
APP-1339,ID#4f906058694f,28,11,37,<=50K,Local-gov,Machine-op,Married-civ-spouse,0,0,True,Female,White,Domestic,Applicant reports annual income in the lower band (at or below the means-test threshold). Works about 37 hours per week. Completed roughly 11 years of schooling. Reports no investment or capital income.
APP-1340,ID#80307ae331fa,82,6,13,<=50K,Self-emp-not-inc,Sales,Never-married,0,1371,True,Male,Black,Domestic,"Applicant reports annual income in the lower band (at or below the means-test threshold). Works about 13 hours per week — well below full time. Self-employed, with variable earnings. Completed roughly 6 years of schooling. Reports no investment or capital income. Reports recent capital losses."
APP-1341,ID#7f02c9dff046,84,12,5,<=50K,Private,Sales,Divorced,0,0,True,Male,White,Domestic,Applicant reports annual income in the lower band (at or below the means-test threshold). Works about 5 hours per week — well below full time. Completed roughly 12 years of schooling. Reports no investment or capital income.
APP-1342,ID#2329aaf35811,70,8,31,<=50K,Private,Craft-repair,Never-married,0,0,True,Female,White,Domestic,Applicant reports annual income in the lower band (at or below the means-test threshold). Works about 31 hours per week — part time. Completed roughly 8 years of schooling. Reports no investment or capital income.
APP-1343,ID#d360d11bb432,37,7,33,<=50K,Without-pay,Machine-op,Married-civ-spouse,0,0,True,Male,White,Domestic,Applicant reports annual income in the lower band (at or below the means-test threshold). Works about 33 hours per week — part time. Employment is precarious or unpaid. Completed roughly 7 years of schooling. Reports no investment or capital income.
APP-1344,ID#da6b3d26ae36,61,13,7,<=50K,Private,Craft-repair,Married-civ-spouse,0,0,True,Female,White,Domestic,Applicant reports annual income in the lower band (at or below the means-test threshold). Works about 7 hours per week — well below full time. Completed roughly 13 years of schooling. Reports no investment or capital income.
APP-1345,ID#35d6ee7a04e8,75,2,45,<=50K,Never-worked,Machine-op,Married-civ-spouse,0,0,True,Male,White,Domestic,Applicant reports annual income in the lower band (at or below the means-test threshold). Works about 45 hours per week. Employment is precarious or unpaid. Completed roughly 2 years of schooling. Reports no investment or capital income.
APP-1346,ID#d951a74e7d90,22,1,56,<=50K,Private,Sales,Never-married,4519,0,True,Female,Other,Domestic,Applicant reports annual income in the lower band (at or below the means-test threshold). Works about 56 hours per week. Completed roughly 1 years of schooling.
APP-1347,ID#c51763a5493f,67,14,43,<=50K,Private,?,Never-married,0,0,True,Male,White,Domestic,Applicant reports annual income in the lower band (at or below the means-test threshold). Works about 43 hours per week. Completed roughly 14 years of schooling. Reports no investment or capital income.
APP-1348,ID#f68d90ed7fae,60,11,37,>50K,Private,Service,Married-civ-spouse,0,0,True,Male,White,Domestic,Applicant reports annual income in the higher band (above the means-test threshold). Works about 37 hours per week. Completed roughly 11 years of schooling. Reports no investment or capital income.
APP-1349,ID#27622df9e3d2,67,13,70,>50K,?,?,Married-civ-spouse,0,0,True,Female,Asian-Pac-Islander,Domestic,Applicant reports annual income in the higher band (above the means-test threshold). Works about 70 hours per week. Employment is precarious or unpaid. Completed roughly 13 years of schooling. Reports no investment or capital income.
APP-1350,ID#4e5b227afb90,86,14,31,<=50K,Private,Other,Never-married,0,0,True,Female,White,Domestic,Applicant reports annual income in the lower band (at or below the means-test threshold). Works about 31 hours per week — part time. Completed roughly 14 years of schooling. Reports no investment or capital income.
APP-1351,ID#bb702c1bef42,36,5,33,<=50K,Private,?,Never-married,0,0,True,Male,Asian-Pac-Islander,Domestic,Applicant reports annual income in the lower band (at or below the means-test threshold). Works about 33 hours per week — part time. Completed roughly 5 years of schooling. Reports no investment or capital income.
APP-1352,ID#8cbccafa3e89,83,13,27,<=50K,Self-emp-not-inc,Exec-managerial,Married-civ-spouse,0,0,True,Male,White,Domestic,"Applicant reports annual income in the lower band (at or below the means-test threshold). Works about 27 hours per week — part time. Self-employed, with variable earnings. Completed roughly 13 years of schooling. Reports no investment or capital income."
APP-1353,ID#bf830915db96,88,1,54,>50K,Self-emp-inc,Service,Divorced,0,0,True,Male,White,Domestic,"Applicant reports annual income in the higher band (above the means-test threshold). Works about 54 hours per week. Self-employed, with variable earnings. Completed roughly 1 years of schooling. Reports no investment or capital income."
APP-1354,ID#6b072fe9e4a6,85,6,27,>50K,Local-gov,Craft-repair,Married-civ-spouse,0,0,True,Female,White,International,Applicant reports annual income in the higher band (above the means-test threshold). Works about 27 hours per week — part time. Completed roughly 6 years of schooling. Reports no investment or capital income.
APP-1355,ID#d78c94706df8,65,8,52,>50K,State-gov,Exec-managerial,Married-civ-spouse,0,0,True,Male,White,Domestic,Applicant reports annual income in the higher band (above the means-test threshold). Works about 52 hours per week. Completed roughly 8 years of schooling. Reports no investment or capital income.
APP-1356,ID#923ab938f126,18,4,43,<=50K,Private,?,Never-married,0,2708,True,Male,Asian-Pac-Islander,Domestic,Applicant reports annual income in the lower band (at or below the means-test threshold). Works about 43 hours per week. Completed roughly 4 years of schooling. Reports no investment or capital income. Reports recent capital losses.
APP-1357,ID#98d6c4b2e147,79,4,38,<=50K,Private,Machine-op,Married-civ-spouse,0,0,True,Female,White,Domestic,Applicant reports annual income in the lower band (at or below the means-test threshold). Works about 38 hours per week. Completed roughly 4 years of schooling. Reports no investment or capital income.
APP-1358,ID#dab7b0d05f61,55,7,17,<=50K,?,Service,Separated,0,0,True,Male,White,Domestic,Applicant reports annual income in the lower band (at or below the means-test threshold). Works about 17 hours per week — well below full time. Employment is precarious or unpaid. Completed roughly 7 years of schooling. Reports no investment or capital income.
APP-1359,ID#2b5dde49983a,79,13,52,<=50K,Private,Other,Married-civ-spouse,0,0,True,Female,White,Domestic,Applicant reports annual income in the lower band (at or below the means-test threshold). Works about 52 hours per week. Completed roughly 13 years of schooling. Reports no investment or capital income.
APP-1360,ID#0675294d4956,55,12,44,>50K,Private,Sales,Widowed,0,0,True,Female,Asian-Pac-Islander,Undisclosed,Applicant reports annual income in the higher band (above the means-test threshold). Works about 44 hours per week. Completed roughly 12 years of schooling. Reports no investment or capital income.
APP-1361,ID#63afa0e5e5ad,75,10,11,<=50K,Private,Service,Never-married,0,0,True,Male,Asian-Pac-Islander,Undisclosed,Applicant reports annual income in the lower band (at or below the means-test threshold). Works about 11 hours per week — well below full time. Completed roughly 10 years of schooling. Reports no investment or capital income.
APP-1362,ID#f7e47564a390,76,11,28,<=50K,State-gov,Service,Never-married,0,0,True,Male,White,International,Applicant reports annual income in the lower band (at or below the means-test threshold). Works about 28 hours per week — part time. Completed roughly 11 years of schooling. Reports no investment or capital income.
APP-1363,ID#c9181db68ed2,43,6,18,<=50K,Private,Sales,Never-married,0,0,True,Male,White,International,Applicant reports annual income in the lower band (at or below the means-test threshold). Works about 18 hours per week — well below full time. Completed roughly 6 years of schooling. Reports no investment or capital income.
APP-1364,ID#8d9e13a382eb,73,14,66,>50K,Private,Other,Divorced,0,0,True,Male,White,Domestic,Applicant reports annual income in the higher band (above the means-test threshold). Works about 66 hours per week. Completed roughly 14 years of schooling. Reports no investment or capital income.
APP-1365,ID#6686a14added,27,16,39,<=50K,Private,?,Never-married,0,0,True,Female,White,Domestic,Applicant reports annual income in the lower band (at or below the means-test threshold). Works about 39 hours per week. Completed roughly 16 years of schooling. Reports no investment or capital income.
APP-1366,ID#ab2bceea5bea,86,3,22,<=50K,Self-emp-not-inc,Exec-managerial,Married-civ-spouse,0,0,True,Female,White,Domestic,"Applicant reports annual income in the lower band (at or below the means-test threshold). Works about 22 hours per week — part time. Self-employed, with variable earnings. Completed roughly 3 years of schooling. Reports no investment or capital income."
APP-1367,ID#c9a42a510f78,27,7,18,<=50K,Private,Other,Never-married,6800,0,True,Male,White,Domestic,Applicant reports annual income in the lower band (at or below the means-test threshold). Works about 18 hours per week — well below full time. Completed roughly 7 years of schooling.
APP-1368,ID#dc504da07d5f,88,6,27,<=50K,Private,Exec-managerial,Widowed,0,0,True,Male,Black,Domestic,Applicant reports annual income in the lower band (at or below the means-test threshold). Works about 27 hours per week — part time. Completed roughly 6 years of schooling. Reports no investment or capital income.
APP-1369,ID#038f068d434e,64,12,35,<=50K,?,Sales,Married-civ-spouse,16454,0,True,Male,White,International,Applicant reports annual income in the lower band (at or below the means-test threshold). Works about 35 hours per week. Employment is precarious or unpaid. Completed roughly 12 years of schooling.
APP-1370,ID#d3ccd848823c,55,5,6,<=50K,Private,Machine-op,Married-civ-spouse,0,0,True,Male,White,International,Applicant reports annual income in the lower band (at or below the means-test threshold). Works about 6 hours per week — well below full time. Completed roughly 5 years of schooling. Reports no investment or capital income.
APP-1371,ID#b3b4028a6dcf,36,1,31,<=50K,Private,Machine-op,Never-married,0,0,True,Male,Other,Domestic,Applicant reports annual income in the lower band (at or below the means-test threshold). Works about 31 hours per week — part time. Completed roughly 1 years of schooling. Reports no investment or capital income.
APP-1372,ID#6a1a581e6b2f,18,9,25,>50K,Local-gov,Other,Never-married,0,0,True,Female,White,Domestic,Applicant reports annual income in the higher band (above the means-test threshold). Works about 25 hours per week — part time. Completed roughly 9 years of schooling. Reports no investment or capital income.
APP-1373,ID#765f338a8a2e,60,3,32,<=50K,Private,Sales,Never-married,0,0,True,Male,White,Domestic,Applicant reports annual income in the lower band (at or below the means-test threshold). Works about 32 hours per week — part time. Completed roughly 3 years of schooling. Reports no investment or capital income.
APP-1374,ID#d1277ae2cdcc,37,14,62,>50K,Private,Craft-repair,Married-civ-spouse,0,0,True,Male,White,Domestic,Applicant reports annual income in the higher band (above the means-test threshold). Works about 62 hours per week. Completed roughly 14 years of schooling. Reports no investment or capital income.
APP-1375,ID#b17315b9e597,73,2,43,<=50K,Private,Service,Married-civ-spouse,0,0,True,Male,Other,International,Applicant reports annual income in the lower band (at or below the means-test threshold). Works about 43 hours per week. Completed roughly 2 years of schooling. Reports no investment or capital income.
APP-1376,ID#7bc83ab43382,73,15,22,<=50K,Private,Machine-op,Married-civ-spouse,0,0,True,Male,White,Domestic,Applicant reports annual income in the lower band (at or below the means-test threshold). Works about 22 hours per week — part time. Completed roughly 15 years of schooling. Reports no investment or capital income.
APP-1377,ID#59a080d137df,63,8,25,<=50K,?,Exec-managerial,Married-civ-spouse,0,0,True,Male,Black,Domestic,Applicant reports annual income in the lower band (at or below the means-test threshold). Works about 25 hours per week — part time. Employment is precarious or unpaid. Completed roughly 8 years of schooling. Reports no investment or capital income.
APP-1378,ID#50015516ea48,31,16,28,>50K,Private,?,Never-married,13613,2205,True,Male,White,Domestic,Applicant reports annual income in the higher band (above the means-test threshold). Works about 28 hours per week — part time. Completed roughly 16 years of schooling. Reports recent capital losses.
APP-1379,ID#833ec2982fcd,38,11,36,<=50K,Private,?,Married-civ-spouse,0,0,True,Male,Other,Domestic,Applicant reports annual income in the lower band (at or below the means-test threshold). Works about 36 hours per week. Completed roughly 11 years of schooling. Reports no investment or capital income.
APP-1380,ID#5ceea74f76dd,44,13,35,<=50K,Private,Craft-repair,Married-civ-spouse,9975,0,True,Male,White,Domestic,Applicant reports annual income in the lower band (at or below the means-test threshold). Works about 35 hours per week. Completed roughly 13 years of schooling.
APP-1381,ID#601d327cb8a0,53,13,30,<=50K,State-gov,Sales,Married-civ-spouse,0,0,True,Female,White,Domestic,Applicant reports annual income in the lower band (at or below the means-test threshold). Works about 30 hours per week — part time. Completed roughly 13 years of schooling. Reports no investment or capital income.
APP-1382,ID#c816a9a509e1,69,3,59,<=50K,Private,Other,Never-married,0,2872,True,Male,White,Domestic,Applicant reports annual income in the lower band (at or below the means-test threshold). Works about 59 hours per week. Completed roughly 3 years of schooling. Reports no investment or capital income. Reports recent capital losses.
APP-1383,ID#714c189a6047,26,5,26,<=50K,Private,Service,Widowed,0,0,True,Male,White,Domestic,Applicant reports annual income in the lower band (at or below the means-test threshold). Works about 26 hours per week — part time. Completed roughly 5 years of schooling. Reports no investment or capital income.
APP-1384,ID#691ce76342e8,79,4,42,<=50K,Self-emp-not-inc,Service,Married-civ-spouse,0,0,True,Female,Asian-Pac-Islander,Domestic,"Applicant reports annual income in the lower band (at or below the means-test threshold). Works about 42 hours per week. Self-employed, with variable earnings. Completed roughly 4 years of schooling. Reports no investment or capital income."
APP-1385,ID#79be1fd02254,21,7,9,<=50K,Private,?,Divorced,0,0,True,Female,Other,Domestic,Applicant reports annual income in the lower band (at or below the means-test threshold). Works about 9 hours per week — well below full time. Completed roughly 7 years of schooling. Reports no investment or capital income.
APP-1386,ID#33b98a81738e,68,1,37,<=50K,State-gov,Service,Never-married,0,0,True,Male,White,International,Applicant reports annual income in the lower band (at or below the means-test threshold). Works about 37 hours per week. Completed roughly 1 years of schooling. Reports no investment or capital income.
APP-1387,ID#e98a1abf42f4,51,7,32,<=50K,State-gov,Sales,Married-civ-spouse,0,0,True,Male,White,Domestic,Applicant reports annual income in the lower band (at or below the means-test threshold). Works about 32 hours per week — part time. Completed roughly 7 years of schooling. Reports no investment or capital income.
APP-1388,ID#61049bfb9d84,86,3,53,<=50K,Private,Sales,Married-civ-spouse,0,0,True,Male,White,Domestic,Applicant reports annual income in the lower band (at or below the means-test threshold). Works about 53 hours per week. Completed roughly 3 years of schooling. Reports no investment or capital income.
APP-1389,ID#c707c2a99740,88,8,29,<=50K,Self-emp-not-inc,Service,Married-civ-spouse,0,0,True,Female,White,Domestic,"Applicant reports annual income in the lower band (at or below the means-test threshold). Works about 29 hours per week — part time. Self-employed, with variable earnings. Completed roughly 8 years of schooling. Reports no investment or capital income."
APP-1390,ID#c8722ac0295f,28,12,33,<=50K,Self-emp-not-inc,Sales,Married-civ-spouse,0,0,True,Male,Black,International,"Applicant reports annual income in the lower band (at or below the means-test threshold). Works about 33 hours per week — part time. Self-employed, with variable earnings. Completed roughly 12 years of schooling. Reports no investment or capital income."
APP-1391,ID#e00f15380c33,76,16,15,<=50K,Private,?,Married-civ-spouse,0,0,True,Male,White,Domestic,Applicant reports annual income in the lower band (at or below the means-test threshold). Works about 15 hours per week — well below full time. Completed roughly 16 years of schooling. Reports no investment or capital income.
APP-1392,ID#b3b4d1c77675,48,15,49,<=50K,Private,Service,Never-married,0,0,True,Male,White,Undisclosed,Applicant reports annual income in the lower band (at or below the means-test threshold). Works about 49 hours per week. Completed roughly 15 years of schooling. Reports no investment or capital income.
APP-1393,ID#0304babc10c9,80,1,21,<=50K,Private,Machine-op,Married-civ-spouse,0,0,True,Male,White,International,Applicant reports annual income in the lower band (at or below the means-test threshold). Works about 21 hours per week — part time. Completed roughly 1 years of schooling. Reports no investment or capital income.
APP-1394,ID#dfa39f262d46,27,8,31,<=50K,Local-gov,Sales,Married-civ-spouse,0,0,True,Female,Amer-Indian-Eskimo,Domestic,Applicant reports annual income in the lower band (at or below the means-test threshold). Works about 31 hours per week — part time. Completed roughly 8 years of schooling. Reports no investment or capital income.
APP-1395,ID#3db721d087a9,23,16,28,<=50K,State-gov,Sales,Married-civ-spouse,0,0,True,Male,White,Domestic,Applicant reports annual income in the lower band (at or below the means-test threshold). Works about 28 hours per week — part time. Completed roughly 16 years of schooling. Reports no investment or capital income.
APP-1396,ID#c639f1d2fc29,18,4,32,<=50K,Self-emp-inc,Exec-managerial,Never-married,0,0,True,Male,White,Domestic,"Applicant reports annual income in the lower band (at or below the means-test threshold). Works about 32 hours per week — part time. Self-employed, with variable earnings. Completed roughly 4 years of schooling. Reports no investment or capital income."
APP-1397,ID#62e959478d5a,25,15,22,<=50K,Self-emp-not-inc,Sales,Married-civ-spouse,19158,0,True,Female,Amer-Indian-Eskimo,International,"Applicant reports annual income in the lower band (at or below the means-test threshold). Works about 22 hours per week — part time. Self-employed, with variable earnings. Completed roughly 15 years of schooling."
APP-1398,ID#5c35759852f1,77,2,58,<=50K,Private,Exec-managerial,Married-civ-spouse,0,0,True,Female,Amer-Indian-Eskimo,Domestic,Applicant reports annual income in the lower band (at or below the means-test threshold). Works about 58 hours per week. Completed roughly 2 years of schooling. Reports no investment or capital income.
APP-1399,ID#ea718c0ed12e,28,12,33,<=50K,Private,?,Divorced,0,0,True,Female,Asian-Pac-Islander,Domestic,Applicant reports annual income in the lower band (at or below the means-test threshold). Works about 33 hours per week — part time. Completed roughly 12 years of schooling. Reports no investment or capital income.
APP-1400,ID#91c11ea8b73e,65,15,14,<=50K,Private,?,Married-civ-spouse,0,0,True,Male,White,Domestic,Applicant reports annual income in the lower band (at or below the means-test threshold). Works about 14 hours per week — well below full time. Completed roughly 15 years of schooling. Reports no investment or capital income.
APP-1401,ID#1ec12d86a575,66,7,47,>50K,Private,?,Married-civ-spouse,15227,0,True,Female,White,International,Applicant reports annual income in the higher band (above the means-test threshold). Works about 47 hours per week. Completed roughly 7 years of schooling.
APP-1402,ID#25bee2799458,17,10,43,<=50K,?,Service,Married-civ-spouse,0,0,True,Male,White,Undisclosed,Applicant reports annual income in the lower band (at or below the means-test threshold). Works about 43 hours per week. Employment is precarious or unpaid. Completed roughly 10 years of schooling. Reports no investment or capital income.
APP-1403,ID#f8c9e5ace213,70,15,20,<=50K,Local-gov,Exec-managerial,Divorced,0,0,True,Female,White,Domestic,Applicant reports annual income in the lower band (at or below the means-test threshold). Works about 20 hours per week — part time. Completed roughly 15 years of schooling. Reports no investment or capital income.
APP-1404,ID#ade67513248f,29,9,55,>50K,Never-worked,Machine-op,Divorced,0,0,True,Female,White,Undisclosed,Applicant reports annual income in the higher band (above the means-test threshold). Works about 55 hours per week. Employment is precarious or unpaid. Completed roughly 9 years of schooling. Reports no investment or capital income.
APP-1405,ID#e8a63c9d413d,84,1,27,<=50K,Private,Exec-managerial,Widowed,0,0,True,Female,White,Domestic,Applicant reports annual income in the lower band (at or below the means-test threshold). Works about 27 hours per week — part time. Completed roughly 1 years of schooling. Reports no investment or capital income.
APP-1406,ID#23ffeaf3efab,87,15,38,>50K,Private,Sales,Widowed,0,0,True,Male,Asian-Pac-Islander,International,Applicant reports annual income in the higher band (above the means-test threshold). Works about 38 hours per week. Completed roughly 15 years of schooling. Reports no investment or capital income.
APP-1407,ID#91212bda70e3,21,4,63,<=50K,Private,Other,Never-married,0,0,True,Male,White,Domestic,Applicant reports annual income in the lower band (at or below the means-test threshold). Works about 63 hours per week. Completed roughly 4 years of schooling. Reports no investment or capital income.
APP-1408,ID#87af2392eee5,40,5,30,<=50K,Private,Service,Married-civ-spouse,0,0,True,Male,White,International,Applicant reports annual income in the lower band (at or below the means-test threshold). Works about 30 hours per week — part time. Completed roughly 5 years of schooling. Reports no investment or capital income.
APP-1409,ID#aa380091ff98,17,12,48,>50K,Private,Craft-repair,Married-civ-spouse,0,0,True,Female,Amer-Indian-Eskimo,Domestic,Applicant reports annual income in the higher band (above the means-test threshold). Works about 48 hours per week. Completed roughly 12 years of schooling. Reports no investment or capital income.
APP-1410,ID#028b16cb1249,25,4,42,<=50K,Private,Machine-op,Never-married,3994,0,True,Male,White,Domestic,Applicant reports annual income in the lower band (at or below the means-test threshold). Works about 42 hours per week. Completed roughly 4 years of schooling.
APP-1411,ID#fccc9e5e74ae,82,11,47,<=50K,Private,Service,Never-married,0,0,True,Female,White,Domestic,Applicant reports annual income in the lower band (at or below the means-test threshold). Works about 47 hours per week. Completed roughly 11 years of schooling. Reports no investment or capital income.
APP-1412,ID#8fcaccbad6a3,31,5,37,<=50K,Private,Machine-op,Divorced,0,0,True,Male,Black,Domestic,Applicant reports annual income in the lower band (at or below the means-test threshold). Works about 37 hours per week. Completed roughly 5 years of schooling. Reports no investment or capital income.
APP-1413,ID#2f749504f5d6,65,14,43,<=50K,Private,Machine-op,Never-married,0,0,True,Male,White,Domestic,Applicant reports annual income in the lower band (at or below the means-test threshold). Works about 43 hours per week. Completed roughly 14 years of schooling. Reports no investment or capital income.
APP-1414,ID#99f4377bf90e,77,12,26,<=50K,Private,Machine-op,Never-married,0,0,True,Female,Other,Domestic,Applicant reports annual income in the lower band (at or below the means-test threshold). Works about 26 hours per week — part time. Completed roughly 12 years of schooling. Reports no investment or capital income.
APP-1415,ID#9f36d8de9a03,67,7,55,<=50K,Private,?,Never-married,0,0,True,Female,Amer-Indian-Eskimo,Domestic,Applicant reports annual income in the lower band (at or below the means-test threshold). Works about 55 hours per week. Completed roughly 7 years of schooling. Reports no investment or capital income.
APP-1416,ID#753dada8f48c,51,8,26,<=50K,Private,Service,Never-married,0,0,True,Male,Black,Domestic,Applicant reports annual income in the lower band (at or below the means-test threshold). Works about 26 hours per week — part time. Completed roughly 8 years of schooling. Reports no investment or capital income.
APP-1417,ID#de6ba390394e,27,6,60,<=50K,Private,Sales,Never-married,0,0,True,Male,Amer-Indian-Eskimo,Domestic,Applicant reports annual income in the lower band (at or below the means-test threshold). Works about 60 hours per week. Completed roughly 6 years of schooling. Reports no investment or capital income.
APP-1418,ID#0657abaa47bf,56,2,18,<=50K,Private,Exec-managerial,Married-civ-spouse,0,0,True,Male,White,Domestic,Applicant reports annual income in the lower band (at or below the means-test threshold). Works about 18 hours per week — well below full time. Completed roughly 2 years of schooling. Reports no investment or capital income.
APP-1419,ID#e228beb92e54,47,8,46,<=50K,Private,Machine-op,Married-civ-spouse,0,0,True,Male,White,Domestic,Applicant reports annual income in the lower band (at or below the means-test threshold). Works about 46 hours per week. Completed roughly 8 years of schooling. Reports no investment or capital income.
APP-1420,ID#9a3206c90de9,18,8,35,<=50K,Private,Sales,Married-civ-spouse,0,0,True,Female,Black,Domestic,Applicant reports annual income in the lower band (at or below the means-test threshold). Works about 35 hours per week. Completed roughly 8 years of schooling. Reports no investment or capital income.
APP-1421,ID#95dc6b285cd5,57,1,42,<=50K,Private,Service,Never-married,0,0,True,Male,White,International,Applicant reports annual income in the lower band (at or below the means-test threshold). Works about 42 hours per week. Completed roughly 1 years of schooling. Reports no investment or capital income.
APP-1422,ID#f882be3f7dc0,73,4,52,<=50K,Self-emp-not-inc,Other,Never-married,16927,0,True,Male,White,Domestic,"Applicant reports annual income in the lower band (at or below the means-test threshold). Works about 52 hours per week. Self-employed, with variable earnings. Completed roughly 4 years of schooling."
APP-1423,ID#d2c2458e5d1e,38,16,34,<=50K,Private,Craft-repair,Married-civ-spouse,0,0,True,Male,White,Undisclosed,Applicant reports annual income in the lower band (at or below the means-test threshold). Works about 34 hours per week — part time. Completed roughly 16 years of schooling. Reports no investment or capital income.
APP-1424,ID#525b66baaa77,51,7,6,<=50K,Private,Other,Married-civ-spouse,0,0,True,Female,White,Domestic,Applicant reports annual income in the lower band (at or below the means-test threshold). Works about 6 hours per week — well below full time. Completed roughly 7 years of schooling. Reports no investment or capital income.
APP-1425,ID#c5373354c4cc,73,13,43,<=50K,Private,Other,Married-civ-spouse,0,0,True,Male,Other,Domestic,Applicant reports annual income in the lower band (at or below the means-test threshold). Works about 43 hours per week. Completed roughly 13 years of schooling. Reports no investment or capital income.
APP-1426,ID#d20a7f63ae23,24,8,40,>50K,Local-gov,Machine-op,Married-civ-spouse,0,0,True,Male,Asian-Pac-Islander,Domestic,Applicant reports annual income in the higher band (above the means-test threshold). Works about 40 hours per week. Completed roughly 8 years of schooling. Reports no investment or capital income.
APP-1427,ID#1e6f44f9e24e,65,11,51,<=50K,Private,Machine-op,Married-civ-spouse,0,0,True,Male,White,Domestic,Applicant reports annual income in the lower band (at or below the means-test threshold). Works about 51 hours per week. Completed roughly 11 years of schooling. Reports no investment or capital income.
APP-1428,ID#f2d8e12970f7,32,14,40,>50K,Local-gov,Exec-managerial,Separated,0,0,True,Female,Black,International,Applicant reports annual income in the higher band (above the means-test threshold). Works about 40 hours per week. Completed roughly 14 years of schooling. Reports no investment or capital income.
APP-1429,ID#57a6ac86c1ae,64,14,34,<=50K,?,Other,Married-civ-spouse,5319,0,True,Male,White,Domestic,Applicant reports annual income in the lower band (at or below the means-test threshold). Works about 34 hours per week — part time. Employment is precarious or unpaid. Completed roughly 14 years of schooling.
APP-1430,ID#e03fb18e3d43,40,2,66,<=50K,Private,Craft-repair,Married-civ-spouse,0,0,True,Male,White,Domestic,Applicant reports annual income in the lower band (at or below the means-test threshold). Works about 66 hours per week. Completed roughly 2 years of schooling. Reports no investment or capital income.
APP-1431,ID#66a13568c342,79,1,36,<=50K,Private,Service,Married-civ-spouse,0,0,True,Female,White,Domestic,Applicant reports annual income in the lower band (at or below the means-test threshold). Works about 36 hours per week. Completed roughly 1 years of schooling. Reports no investment or capital income.
APP-1432,ID#22a280ff78a0,64,9,49,<=50K,Private,Sales,Divorced,18171,0,True,Female,White,Domestic,Applicant reports annual income in the lower band (at or below the means-test threshold). Works about 49 hours per week. Completed roughly 9 years of schooling.
APP-1433,ID#43f25ecc3ca9,29,9,46,<=50K,Private,?,Never-married,0,0,True,Female,White,International,Applicant reports annual income in the lower band (at or below the means-test threshold). Works about 46 hours per week. Completed roughly 9 years of schooling. Reports no investment or capital income.
APP-1434,ID#265ee6af29ed,84,4,47,<=50K,Private,Service,Divorced,0,0,True,Male,White,Domestic,Applicant reports annual income in the lower band (at or below the means-test threshold). Works about 47 hours per week. Completed roughly 4 years of schooling. Reports no investment or capital income.
APP-1435,ID#21a166ef7977,28,6,19,<=50K,Self-emp-inc,Service,Married-civ-spouse,0,0,True,Female,White,Domestic,"Applicant reports annual income in the lower band (at or below the means-test threshold). Works about 19 hours per week — well below full time. Self-employed, with variable earnings. Completed roughly 6 years of schooling. Reports no investment or capital income."
APP-1436,ID#444f59d814e0,54,10,24,<=50K,Private,Other,Never-married,0,0,True,Female,Other,Domestic,Applicant reports annual income in the lower band (at or below the means-test threshold). Works about 24 hours per week — part time. Completed roughly 10 years of schooling. Reports no investment or capital income.
APP-1437,ID#b1db277099b0,66,15,36,>50K,Private,Other,Married-civ-spouse,0,0,True,Female,White,Domestic,Applicant reports annual income in the higher band (above the means-test threshold). Works about 36 hours per week. Completed roughly 15 years of schooling. Reports no investment or capital income.
APP-1438,ID#8d6719fe68e6,36,6,17,<=50K,?,Sales,Married-civ-spouse,0,0,True,Male,White,Domestic,Applicant reports annual income in the lower band (at or below the means-test threshold). Works about 17 hours per week — well below full time. Employment is precarious or unpaid. Completed roughly 6 years of schooling. Reports no investment or capital income.
APP-1439,ID#36974dfce048,45,14,22,<=50K,?,Machine-op,Married-civ-spouse,0,2695,True,Female,White,International,Applicant reports annual income in the lower band (at or below the means-test threshold). Works about 22 hours per week — part time. Employment is precarious or unpaid. Completed roughly 14 years of schooling. Reports no investment or capital income. Reports recent capital losses.
APP-1440,ID#f4a72fa7f4b3,73,14,36,<=50K,Self-emp-not-inc,Craft-repair,Never-married,0,0,True,Female,White,Domestic,"Applicant reports annual income in the lower band (at or below the means-test threshold). Works about 36 hours per week. Self-employed, with variable earnings. Completed roughly 14 years of schooling. Reports no investment or capital income."
APP-1441,ID#3f670d21173c,81,15,36,>50K,Without-pay,Machine-op,Divorced,0,0,True,Female,Black,Domestic,Applicant reports annual income in the higher band (above the means-test threshold). Works about 36 hours per week. Employment is precarious or unpaid. Completed roughly 15 years of schooling. Reports no investment or capital income.
APP-1442,ID#43a6c11aa3e2,28,15,48,<=50K,State-gov,?,Never-married,0,0,True,Female,Black,International,Applicant reports annual income in the lower band (at or below the means-test threshold). Works about 48 hours per week. Completed roughly 15 years of schooling. Reports no investment or capital income.
APP-1443,ID#9623e848ddaf,62,1,41,<=50K,Never-worked,Service,Divorced,0,0,True,Female,White,Domestic,Applicant reports annual income in the lower band (at or below the means-test threshold). Works about 41 hours per week. Employment is precarious or unpaid. Completed roughly 1 years of schooling. Reports no investment or capital income.
APP-1444,ID#1b45ecf76bbb,76,16,38,<=50K,Private,?,Married-civ-spouse,0,0,True,Female,White,International,Applicant reports annual income in the lower band (at or below the means-test threshold). Works about 38 hours per week. Completed roughly 16 years of schooling. Reports no investment or capital income.
APP-1445,ID#c4716e90ba94,80,13,55,>50K,Never-worked,Sales,Married-civ-spouse,12173,0,True,Male,Amer-Indian-Eskimo,Domestic,Applicant reports annual income in the higher band (above the means-test threshold). Works about 55 hours per week. Employment is precarious or unpaid. Completed roughly 13 years of schooling.
APP-1446,ID#2560573e326f,88,9,38,<=50K,Private,Machine-op,Married-civ-spouse,0,0,True,Male,White,International,Applicant reports annual income in the lower band (at or below the means-test threshold). Works about 38 hours per week. Completed roughly 9 years of schooling. Reports no investment or capital income.
APP-1447,ID#d960dae9bfb8,54,10,6,<=50K,Private,Craft-repair,Married-civ-spouse,0,935,True,Female,White,Domestic,Applicant reports annual income in the lower band (at or below the means-test threshold). Works about 6 hours per week — well below full time. Completed roughly 10 years of schooling. Reports no investment or capital income. Reports recent capital losses.
APP-1448,ID#74fd76ddc2cd,47,4,27,<=50K,Self-emp-not-inc,?,Married-civ-spouse,0,0,True,Male,Other,Domestic,"Applicant reports annual income in the lower band (at or below the means-test threshold). Works about 27 hours per week — part time. Self-employed, with variable earnings. Completed roughly 4 years of schooling. Reports no investment or capital income."
APP-1449,ID#8db8d6d3876d,60,3,46,<=50K,Self-emp-not-inc,Machine-op,Never-married,0,0,True,Male,White,Domestic,"Applicant reports annual income in the lower band (at or below the means-test threshold). Works about 46 hours per week. Self-employed, with variable earnings. Completed roughly 3 years of schooling. Reports no investment or capital income."
APP-1450,ID#7c8cce576804,18,2,36,<=50K,Private,Exec-managerial,Never-married,0,0,True,Male,White,Domestic,Applicant reports annual income in the lower band (at or below the means-test threshold). Works about 36 hours per week. Completed roughly 2 years of schooling. Reports no investment or capital income.
APP-1451,ID#762321254505,39,10,25,<=50K,Private,Service,Divorced,0,0,True,Male,Black,International,Applicant reports annual income in the lower band (at or below the means-test threshold). Works about 25 hours per week — part time. Completed roughly 10 years of schooling. Reports no investment or capital income.
APP-1452,ID#9e2cc4791159,43,2,52,<=50K,Private,?,Married-civ-spouse,0,0,True,Female,White,Domestic,Applicant reports annual income in the lower band (at or below the means-test threshold). Works about 52 hours per week. Completed roughly 2 years of schooling. Reports no investment or capital income.
APP-1453,ID#0ecbd8bfc951,83,10,14,<=50K,Private,Craft-repair,Married-civ-spouse,0,0,True,Female,Amer-Indian-Eskimo,Domestic,Applicant reports annual income in the lower band (at or below the means-test threshold). Works about 14 hours per week — well below full time. Completed roughly 10 years of schooling. Reports no investment or capital income.
APP-1454,ID#5fe871c78fbf,27,4,28,<=50K,Private,Sales,Never-married,0,0,True,Male,Black,International,Applicant reports annual income in the lower band (at or below the means-test threshold). Works about 28 hours per week — part time. Completed roughly 4 years of schooling. Reports no investment or capital income.
APP-1455,ID#328fcff598b1,41,12,45,<=50K,Local-gov,Sales,Never-married,0,0,True,Female,White,International,Applicant reports annual income in the lower band (at or below the means-test threshold). Works about 45 hours per week. Completed roughly 12 years of schooling. Reports no investment or capital income.
APP-1456,ID#53620ce78ff5,43,14,39,>50K,Self-emp-not-inc,Sales,Separated,0,0,True,Female,Amer-Indian-Eskimo,Domestic,"Applicant reports annual income in the higher band (above the means-test threshold). Works about 39 hours per week. Self-employed, with variable earnings. Completed roughly 14 years of schooling. Reports no investment or capital income."
APP-1457,ID#10a468be5e17,68,3,30,<=50K,Private,Exec-managerial,Divorced,0,0,True,Male,White,Domestic,Applicant reports annual income in the lower band (at or below the means-test threshold). Works about 30 hours per week — part time. Completed roughly 3 years of schooling. Reports no investment or capital income.
APP-1458,ID#8b63e5440923,40,15,18,<=50K,Private,Exec-managerial,Married-civ-spouse,0,1090,True,Female,White,Domestic,Applicant reports annual income in the lower band (at or below the means-test threshold). Works about 18 hours per week — well below full time. Completed roughly 15 years of schooling. Reports no investment or capital income. Reports recent capital losses.
APP-1459,ID#b361e3a0dfbd,50,1,21,<=50K,Private,Sales,Divorced,0,0,True,Female,White,Domestic,Applicant reports annual income in the lower band (at or below the means-test threshold). Works about 21 hours per week — part time. Completed roughly 1 years of schooling. Reports no investment or capital income.
APP-1460,ID#f3f8d00ce24a,47,7,22,<=50K,Private,?,Married-civ-spouse,0,0,True,Male,White,Domestic,Applicant reports annual income in the lower band (at or below the means-test threshold). Works about 22 hours per week — part time. Completed roughly 7 years of schooling. Reports no investment or capital income.
APP-1461,ID#78d3c17683d2,71,12,37,<=50K,Self-emp-not-inc,Machine-op,Married-civ-spouse,0,0,True,Female,Black,Domestic,"Applicant reports annual income in the lower band (at or below the means-test threshold). Works about 37 hours per week. Self-employed, with variable earnings. Completed roughly 12 years of schooling. Reports no investment or capital income."
APP-1462,ID#f1c615ebff4b,30,4,43,<=50K,Private,?,Separated,0,0,True,Male,Other,International,Applicant reports annual income in the lower band (at or below the means-test threshold). Works about 43 hours per week. Completed roughly 4 years of schooling. Reports no investment or capital income.
APP-1463,ID#d77cc8d13c0d,84,9,11,<=50K,Private,Other,Married-civ-spouse,13135,2592,True,Male,White,Domestic,Applicant reports annual income in the lower band (at or below the means-test threshold). Works about 11 hours per week — well below full time. Completed roughly 9 years of schooling. Reports recent capital losses.
APP-1464,ID#7f609d26fc99,72,8,61,>50K,Self-emp-not-inc,Sales,Never-married,0,0,True,Male,White,Domestic,"Applicant reports annual income in the higher band (above the means-test threshold). Works about 61 hours per week. Self-employed, with variable earnings. Completed roughly 8 years of schooling. Reports no investment or capital income."
APP-1465,ID#f344dcf9cb98,30,14,20,<=50K,Private,Craft-repair,Never-married,18882,0,True,Female,Amer-Indian-Eskimo,Domestic,Applicant reports annual income in the lower band (at or below the means-test threshold). Works about 20 hours per week — part time. Completed roughly 14 years of schooling.
APP-1466,ID#54f28cc163f0,49,1,42,<=50K,Private,Craft-repair,Never-married,0,0,True,Female,White,Domestic,Applicant reports annual income in the lower band (at or below the means-test threshold). Works about 42 hours per week. Completed roughly 1 years of schooling. Reports no investment or capital income.
APP-1467,ID#1b5b1a71104e,23,9,37,<=50K,Private,Craft-repair,Never-married,0,0,True,Male,White,Domestic,Applicant reports annual income in the lower band (at or below the means-test threshold). Works about 37 hours per week. Completed roughly 9 years of schooling. Reports no investment or capital income.
APP-1468,ID#de8221330516,85,15,30,>50K,Private,?,Never-married,0,0,True,Male,White,Domestic,Applicant reports annual income in the higher band (above the means-test threshold). Works about 30 hours per week — part time. Completed roughly 15 years of schooling. Reports no investment or capital income.
APP-1469,ID#a22f01820be5,39,8,33,<=50K,?,Exec-managerial,Never-married,0,0,True,Male,White,Domestic,Applicant reports annual income in the lower band (at or below the means-test threshold). Works about 33 hours per week — part time. Employment is precarious or unpaid. Completed roughly 8 years of schooling. Reports no investment or capital income.
APP-1470,ID#b38651a4c706,86,5,40,<=50K,Private,Sales,Married-civ-spouse,0,0,True,Female,Amer-Indian-Eskimo,Domestic,Applicant reports annual income in the lower band (at or below the means-test threshold). Works about 40 hours per week. Completed roughly 5 years of schooling. Reports no investment or capital income.
APP-1471,ID#dae31ccf7df9,70,7,44,<=50K,Private,Service,Married-civ-spouse,0,0,True,Male,White,Undisclosed,Applicant reports annual income in the lower band (at or below the means-test threshold). Works about 44 hours per week. Completed roughly 7 years of schooling. Reports no investment or capital income.
APP-1472,ID#4dd9c9f81a1e,58,15,34,<=50K,Local-gov,?,Married-civ-spouse,0,0,True,Female,Other,Domestic,Applicant reports annual income in the lower band (at or below the means-test threshold). Works about 34 hours per week — part time. Completed roughly 15 years of schooling. Reports no investment or capital income.
APP-1473,ID#34777286f090,46,11,37,>50K,Private,Other,Married-civ-spouse,1783,0,True,Female,Asian-Pac-Islander,Domestic,Applicant reports annual income in the higher band (above the means-test threshold). Works about 37 hours per week. Completed roughly 11 years of schooling.
APP-1474,ID#6f5d6da82448,79,9,14,<=50K,Private,Sales,Married-civ-spouse,0,2064,True,Female,White,Domestic,Applicant reports annual income in the lower band (at or below the means-test threshold). Works about 14 hours per week — well below full time. Completed roughly 9 years of schooling. Reports no investment or capital income. Reports recent capital losses.
APP-1475,ID#c1b08494624a,64,2,21,<=50K,Private,Sales,Never-married,0,0,True,Female,Amer-Indian-Eskimo,Domestic,Applicant reports annual income in the lower band (at or below the means-test threshold). Works about 21 hours per week — part time. Completed roughly 2 years of schooling. Reports no investment or capital income.
APP-1476,ID#8b4aa12e2b19,54,2,24,<=50K,Private,Exec-managerial,Separated,5529,0,True,Female,White,Domestic,Applicant reports annual income in the lower band (at or below the means-test threshold). Works about 24 hours per week — part time. Completed roughly 2 years of schooling.
APP-1477,ID#7e9c6de61f49,56,12,37,>50K,?,Exec-managerial,Divorced,0,0,True,Male,Asian-Pac-Islander,International,Applicant reports annual income in the higher band (above the means-test threshold). Works about 37 hours per week. Employment is precarious or unpaid. Completed roughly 12 years of schooling. Reports no investment or capital income.
APP-1478,ID#ee8b7706e34b,56,16,43,>50K,Private,Service,Married-civ-spouse,0,0,True,Female,White,Undisclosed,Applicant reports annual income in the higher band (above the means-test threshold). Works about 43 hours per week. Completed roughly 16 years of schooling. Reports no investment or capital income.
APP-1479,ID#b67ca95714ae,18,15,46,<=50K,Private,Other,Married-civ-spouse,0,0,True,Female,White,Domestic,Applicant reports annual income in the lower band (at or below the means-test threshold). Works about 46 hours per week. Completed roughly 15 years of schooling. Reports no investment or capital income.
APP-1480,ID#7117a6efe751,21,3,17,<=50K,Private,Exec-managerial,Married-civ-spouse,0,0,True,Male,Amer-Indian-Eskimo,Domestic,Applicant reports annual income in the lower band (at or below the means-test threshold). Works about 17 hours per week — well below full time. Completed roughly 3 years of schooling. Reports no investment or capital income.
APP-1481,ID#693c28884f31,67,3,25,<=50K,Self-emp-not-inc,Craft-repair,Never-married,0,0,True,Male,White,Domestic,"Applicant reports annual income in the lower band (at or below the means-test threshold). Works about 25 hours per week — part time. Self-employed, with variable earnings. Completed roughly 3 years of schooling. Reports no investment or capital income."
APP-1482,ID#6230d81ea373,52,15,42,<=50K,?,Machine-op,Married-civ-spouse,0,0,True,Female,White,International,Applicant reports annual income in the lower band (at or below the means-test threshold). Works about 42 hours per week. Employment is precarious or unpaid. Completed roughly 15 years of schooling. Reports no investment or capital income.
APP-1483,ID#bbe1ada2f1e0,25,6,42,<=50K,Private,Craft-repair,Divorced,0,0,True,Male,White,Domestic,Applicant reports annual income in the lower band (at or below the means-test threshold). Works about 42 hours per week. Completed roughly 6 years of schooling. Reports no investment or capital income.
APP-1484,ID#bd1648e6479b,35,13,52,>50K,Private,Sales,Divorced,15300,0,True,Male,White,International,Applicant reports annual income in the higher band (above the means-test threshold). Works about 52 hours per week. Completed roughly 13 years of schooling.
APP-1485,ID#740237e9153e,60,6,38,<=50K,Private,Other,Widowed,0,0,True,Male,White,Domestic,Applicant reports annual income in the lower band (at or below the means-test threshold). Works about 38 hours per week. Completed roughly 6 years of schooling. Reports no investment or capital income.
APP-1486,ID#462cf2468496,18,2,39,<=50K,Never-worked,Sales,Never-married,0,0,True,Female,White,Domestic,Applicant reports annual income in the lower band (at or below the means-test threshold). Works about 39 hours per week. Employment is precarious or unpaid. Completed roughly 2 years of schooling. Reports no investment or capital income.
APP-1487,ID#7f02dc09b3d5,36,6,26,<=50K,Private,Exec-managerial,Married-civ-spouse,0,0,True,Male,White,International,Applicant reports annual income in the lower band (at or below the means-test threshold). Works about 26 hours per week — part time. Completed roughly 6 years of schooling. Reports no investment or capital income.
APP-1488,ID#145c7698645d,54,8,26,<=50K,Local-gov,Other,Divorced,0,0,True,Female,White,Domestic,Applicant reports annual income in the lower band (at or below the means-test threshold). Works about 26 hours per week — part time. Completed roughly 8 years of schooling. Reports no investment or capital income.
APP-1489,ID#a8d9d39bf84e,62,13,24,<=50K,Private,Service,Separated,15458,0,True,Female,Other,Domestic,Applicant reports annual income in the lower band (at or below the means-test threshold). Works about 24 hours per week — part time. Completed roughly 13 years of schooling.
APP-1490,ID#1c008295630f,70,9,25,<=50K,Without-pay,Machine-op,Never-married,0,0,True,Male,White,Domestic,Applicant reports annual income in the lower band (at or below the means-test threshold). Works about 25 hours per week — part time. Employment is precarious or unpaid. Completed roughly 9 years of schooling. Reports no investment or capital income.
APP-1491,ID#6290f0cca121,19,10,38,<=50K,Private,Exec-managerial,Married-civ-spouse,0,0,True,Male,Black,Domestic,Applicant reports annual income in the lower band (at or below the means-test threshold). Works about 38 hours per week. Completed roughly 10 years of schooling. Reports no investment or capital income.
APP-1492,ID#24aaafc47cad,83,8,52,<=50K,Never-worked,Sales,Never-married,13592,0,True,Female,White,Domestic,Applicant reports annual income in the lower band (at or below the means-test threshold). Works about 52 hours per week. Employment is precarious or unpaid. Completed roughly 8 years of schooling.
APP-1493,ID#045532964c44,65,7,55,<=50K,Private,Machine-op,Never-married,0,0,True,Female,Black,Domestic,Applicant reports annual income in the lower band (at or below the means-test threshold). Works about 55 hours per week. Completed roughly 7 years of schooling. Reports no investment or capital income.
APP-1494,ID#6e18afb20bc4,20,2,36,<=50K,Private,Other,Never-married,18293,0,True,Male,White,International,Applicant reports annual income in the lower band (at or below the means-test threshold). Works about 36 hours per week. Completed roughly 2 years of schooling.
APP-1495,ID#26314619ef2e,75,1,23,<=50K,Private,Craft-repair,Never-married,18586,0,True,Female,White,Domestic,Applicant reports annual income in the lower band (at or below the means-test threshold). Works about 23 hours per week — part time. Completed roughly 1 years of schooling.
APP-1496,ID#31f63878255f,38,10,35,>50K,Private,Sales,Divorced,0,0,True,Female,White,Domestic,Applicant reports annual income in the higher band (above the means-test threshold). Works about 35 hours per week. Completed roughly 10 years of schooling. Reports no investment or capital income.
APP-1497,ID#2ff05148bbf0,72,11,50,<=50K,Private,Service,Never-married,0,0,True,Female,Black,International,Applicant reports annual income in the lower band (at or below the means-test threshold). Works about 50 hours per week. Completed roughly 11 years of schooling. Reports no investment or capital income.
APP-1498,ID#4b035e2db5ac,38,3,41,<=50K,Local-gov,Machine-op,Separated,0,0,True,Male,Black,Domestic,Applicant reports annual income in the lower band (at or below the means-test threshold). Works about 41 hours per week. Completed roughly 3 years of schooling. Reports no investment or capital income.
APP-1499,ID#1b36c5e4f496,78,13,65,<=50K,State-gov,Other,Never-married,0,0,True,Male,White,Domestic,Applicant reports annual income in the lower band (at or below the means-test threshold). Works about 65 hours per week. Completed roughly 13 years of schooling. Reports no investment or capital income.
